[01:56:04] [main/INFO] ========================================
[01:56:04] [main/INFO] Minecraft: 1.21.1
[01:56:04] [main/INFO] Side: server
[01:56:04] [main/INFO] Development: false
[01:56:04] [main/INFO] Version: 16.0.799
[01:56:04] [main/INFO] Loader:
[01:56:04] [main/INFO] - Fabric: 0.17.3
[01:56:04] [main/INFO] - Fabric API: 0.116.7+1.21.1
[01:56:04] [main/INFO] Dependencies:
[01:56:04] [main/INFO] - Cloth Config: 15.0.140
[01:56:04] [main/INFO] - Architectury: 13.0.8
[01:56:04] [main/INFO] Mixin: 0.8.7
[01:56:04] [main/INFO] OS: Linux 6.8.0-1030-azure (amd64)
[01:56:04] [main/INFO] Java: 21.0.7 (Microsoft)
[01:56:04] [main/INFO] ========================================
[01:56:04] [main/INFO] Mods:
[01:56:04] [main/INFO] - advancementdisable: 1.0.0
[01:56:04] [main/INFO] - architectury: 13.0.8
[01:56:04] [main/INFO] - athena: 4.0.2
[01:56:04] [main/INFO] - badgebox: 1.1.1
[01:56:04] [main/INFO] - balm: 21.0.53
[01:56:04] [main/INFO] - beautify: 1.3.0+1.21.1
[01:56:04] [main/INFO] - biome_replacer: 2.1-hippo
[01:56:04] [main/INFO] - blue_endless_jankson: 1.2.3
[01:56:04] [main/INFO] - capture_xp: 1.6.1-fabric-1.2.0
[01:56:04] [main/INFO] - cardinal-components-base: 6.1.2
[01:56:04] [main/INFO] - cardinal-components-block: 6.1.0
[01:56:04] [main/INFO] - cardinal-components-entity: 6.1.2
[01:56:04] [main/INFO] - carved_wood: 1.7.6
[01:56:04] [main/INFO] - cloth-basic-math: 0.6.1
[01:56:04] [main/INFO] - cloth-config: 15.0.140
[01:56:04] [main/INFO] - cloth-config: 15.0.140
[01:56:04] [main/INFO] - cobblecuisine: 1.2
[01:56:04] [main/INFO] - cobbledollars: 2.0.0+Beta-5.1+1.21.1
[01:56:04] [main/INFO] - cobblefurnies: 0.6.3
[01:56:04] [main/INFO] - cobblemon: 1.6.1+1.21.1
[01:56:04] [main/INFO] - cobblemon-additions: 3.9.4
[01:56:04] [main/INFO] - cobblemonboxlink: 1.0.4
[01:56:04] [main/INFO] - cobblenav: 2.2.4
[01:56:04] [main/INFO] - cobbleride: 0.3.3+1.21.1
[01:56:04] [main/INFO] - cobbleversebadges: 1.2
[01:56:04] [main/INFO] - cobbreeding: 1.9.1
[01:56:04] [main/INFO] - com_electronwill_night-config_core: 3.8.0
[01:56:04] [main/INFO] - com_electronwill_night-config_toml: 3.8.0
[01:56:04] [main/INFO] - com_fasterxml_jackson_core_jackson-annotations: 2.14.2
[01:56:04] [main/INFO] - com_fasterxml_jackson_core_jackson-core: 2.14.2
[01:56:04] [main/INFO] - com_fasterxml_jackson_core_jackson-databind: 2.14.2
[01:56:04] [main/INFO] - com_teamresourceful_bytecodecs: 1.1.2
[01:56:04] [main/INFO] - com_teamresourceful_yabn: 1.0.3
[01:56:04] [main/INFO] - com_twelvemonkeys_common_common-image: 3.12.0
[01:56:04] [main/INFO] - com_twelvemonkeys_common_common-io: 3.12.0
[01:56:04] [main/INFO] - com_twelvemonkeys_common_common-lang: 3.12.0
[01:56:04] [main/INFO] - com_twelvemonkeys_imageio_imageio-core: 3.12.0
[01:56:04] [main/INFO] - com_twelvemonkeys_imageio_imageio-metadata: 3.12.0
[01:56:04] [main/INFO] - com_twelvemonkeys_imageio_imageio-webp: 3.12.0
[01:56:04] [main/INFO] - com_velocitypowered_velocity-native: 3.3.0-SNAPSHOT
[01:56:04] [main/INFO] - comforts: 9.0.4+1.21.1
[01:56:04] [main/INFO] - commons-io_commons-io: 2.15.1
[01:56:04] [main/INFO] - cozyhome: 1.1.15
[01:56:04] [main/INFO] - debugify: 1.21.1+1.0
[01:56:04] [main/INFO] - defaultoptions: 21.1.5
[01:56:04] [main/INFO] - error_notifier: 1.0.11
[01:56:04] [main/INFO] - fabric-api: 0.116.7+1.21.1
[01:56:04] [main/INFO] - fabric-api: 0.116.7+1.21.1
[01:56:04] [main/INFO] - fabric-api-base: 0.4.42+6573ed8c19
[01:56:04] [main/INFO] - fabric-api-lookup-api-v1: 1.6.71+b559734419
[01:56:04] [main/INFO] - fabric-biome-api-v1: 13.0.31+d527f9fd19
[01:56:04] [main/INFO] - fabric-block-api-v1: 1.1.0+0bc3503219
[01:56:04] [main/INFO] - fabric-block-view-api-v2: 1.0.11+ebb2264e19
[01:56:04] [main/INFO] - fabric-command-api-v1: 1.2.49+f71b366f19
[01:56:04] [main/INFO] - fabric-command-api-v2: 2.2.28+6ced4dd919
[01:56:04] [main/INFO] - fabric-commands-v0: 0.2.66+df3654b319
[01:56:04] [main/INFO] - fabric-content-registries-v0: 8.0.19+b559734419
[01:56:04] [main/INFO] - fabric-convention-tags-v1: 2.1.5+7f945d5b19
[01:56:04] [main/INFO] - fabric-convention-tags-v2: 2.11.1+a406e79519
[01:56:04] [main/INFO] - fabric-crash-report-info-v1: 0.2.29+0af3f5a719
[01:56:04] [main/INFO] - fabric-data-attachment-api-v1: 1.4.5+6116a37819
[01:56:04] [main/INFO] - fabric-data-generation-api-v1: 20.2.34+37516cd619
[01:56:04] [main/INFO] - fabric-dimensions-v1: 4.0.1+65213ef819
[01:56:04] [main/INFO] - fabric-entity-events-v1: 1.8.0+2b27e0a419
[01:56:04] [main/INFO] - fabric-events-interaction-v0: 0.7.13+ba9dae0619
[01:56:04] [main/INFO] - fabric-game-rule-api-v1: 1.0.53+6ced4dd919
[01:56:04] [main/INFO] - fabric-item-api-v1: 11.2.0+3b3cb2e819
[01:56:04] [main/INFO] - fabric-item-group-api-v1: 4.1.7+def88e3a19
[01:56:04] [main/INFO] - fabric-language-kotlin: 1.13.6+kotlin.2.2.20
[01:56:04] [main/INFO] - fabric-lifecycle-events-v1: 2.6.0+0865547519
[01:56:04] [main/INFO] - fabric-loot-api-v2: 3.0.15+3f89f5a519
[01:56:04] [main/INFO] - fabric-loot-api-v3: 1.0.3+3f89f5a519
[01:56:04] [main/INFO] - fabric-message-api-v1: 6.0.14+8aaf3aca19
[01:56:04] [main/INFO] - fabric-networking-api-v1: 4.3.0+c7469b2119
[01:56:04] [main/INFO] - fabric-object-builder-api-v1: 15.2.1+40875a9319
[01:56:04] [main/INFO] - fabric-particles-v1: 4.0.2+6573ed8c19
[01:56:04] [main/INFO] - fabric-permissions-api-v0: 0.2-SNAPSHOT
[01:56:04] [main/INFO] - fabric-recipe-api-v1: 5.0.15+2475392c19
[01:56:04] [main/INFO] - fabric-registry-sync-v0: 5.3.1+e3eddc2119
[01:56:04] [main/INFO] - fabric-rendering-data-attachment-v1: 0.3.49+73761d2e19
[01:56:04] [main/INFO] - fabric-rendering-fluids-v1: 3.1.6+1daea21519
[01:56:04] [main/INFO] - fabric-resource-conditions-api-v1: 4.3.0+8dc279b119
[01:56:04] [main/INFO] - fabric-resource-loader-v0: 1.3.1+5b5275af19
[01:56:04] [main/INFO] - fabric-screen-handler-api-v1: 1.3.90+b559734419
[01:56:04] [main/INFO] - fabric-transfer-api-v1: 5.4.3+c24bd99419
[01:56:04] [main/INFO] - fabric-transitive-access-wideners-v1: 6.2.0+45b9699719
[01:56:04] [main/INFO] - fabricloader: 0.17.3
[01:56:04] [main/INFO] - ferritecore: 7.0.2-hotfix
[01:56:04] [main/INFO] - fiber: 0.23.0-2
[01:56:04] [main/INFO] - fightorflight: 0.8.4
[01:56:04] [main/INFO] - forgeconfigapiport: 21.1.4
[01:56:04] [main/INFO] - forgivingvoid: 21.1.5
[01:56:04] [main/INFO] - geckolib: 4.8.2
[01:56:04] [main/INFO] - globalpacks: 21.0.6
[01:56:04] [main/INFO] - handcrafted: 4.0.3
[01:56:04] [main/INFO] - highlight: 3.0.0
[01:56:04] [main/INFO] - hugestructureblocks: 1.1.6
[01:56:04] [main/INFO] - iceberg: 1.3.2
[01:56:04] [main/INFO] - io_gitlab_jfronny_muscript-all: 2.0.0-SNAPSHOT
[01:56:04] [main/INFO] - io_gitlab_jfronny_muscript-json: 2.0.0-SNAPSHOT
[01:56:04] [main/INFO] - io_wispforest_endec: 0.1.5.1
[01:56:04] [main/INFO] - io_wispforest_endec_gson: 0.1.3.1
[01:56:04] [main/INFO] - io_wispforest_endec_jankson: 0.1.3.1
[01:56:04] [main/INFO] - io_wispforest_endec_netty: 0.1.2
[01:56:04] [main/INFO] - jackfredlib-base: 1.4.0+1.21
[01:56:04] [main/INFO] - jackfredlib-colour: 1.1.0+1.21
[01:56:04] [main/INFO] - jackfredlib-config: 0.2.3+1.21
[01:56:04] [main/INFO] - jackfredlib-lying: 0.5.5+1.21
[01:56:04] [main/INFO] - java: 21
[01:56:04] [main/INFO] - konkrete: 1.9.9
[01:56:04] [main/INFO] - krypton: 0.2.8
[01:56:04] [main/INFO] - kuma_api: 21.0.7
[01:56:04] [main/INFO] - lenientdeath: 1.2.5+1.21.1
[01:56:04] [main/INFO] - libjf: 3.17.3
[01:56:04] [main/INFO] - libjf-base: 3.17.3
[01:56:04] [main/INFO] - libjf-config-commands: 3.17.3
[01:56:04] [main/INFO] - libjf-config-core-v2: 3.17.3
[01:56:04] [main/INFO] - libjf-config-network-v0: 3.17.3
[01:56:04] [main/INFO] - libjf-data-manipulation-v0: 3.17.3
[01:56:04] [main/INFO] - libjf-data-v0: 3.17.3
[01:56:04] [main/INFO] - libjf-mainhttp-v0: 3.17.3
[01:56:04] [main/INFO] - libjf-resource-pack-entry-widgets-v0: 3.17.3
[01:56:04] [main/INFO] - libjf-translate-v1: 3.17.3
[01:56:04] [main/INFO] - libjf-unsafe-v0: 3.17.3
[01:56:04] [main/INFO] - libjf-web-v1: 3.17.3
[01:56:04] [main/INFO] - lithium: 0.15.0+mc1.21.1
[01:56:04] [main/INFO] - lumymon: 0.4.6.2
[01:56:04] [main/INFO] - mega_showdown: 10.0.8-release-fabric
[01:56:04] [main/INFO] - midnightlib: 1.7.5
[01:56:04] [main/INFO] - minecraft: 1.21.1
[01:56:04] [main/INFO] - mixinextras: 0.5.0
[01:56:04] [main/INFO] - mixinsquared: 0.3.3
[01:56:04] [main/INFO] - moarconcrete: 1.3.1
[01:56:04] [main/INFO] - mobsbegone: 0.0.7
[01:56:04] [main/INFO] - modernfix: 5.24.3+mc1.21.1
[01:56:04] [main/INFO] - more_cobblemon_tweaks: 1.1.3
[01:56:04] [main/INFO] - net_fabricmc_mapping-io: 0.6.1
[01:56:04] [main/INFO] - netherportalfix: 21.1.3
[01:56:04] [main/INFO] - noisium: 2.3.0+mc1.21-1.21.1
[01:56:04] [main/INFO] - notenoughcrashes: 4.4.9+1.21.1
[01:56:04] [main/INFO] - obc: 1.2.0
[01:56:04] [main/INFO] - org_jetbrains_kotlin_kotlin-reflect: 2.2.20
[01:56:04] [main/INFO] - org_jetbrains_kotlin_kotlin-stdlib: 2.2.20
[01:56:04] [main/INFO] - org_jetbrains_kotlin_kotlin-stdlib-jdk7: 2.2.20
[01:56:04] [main/INFO] - org_jetbrains_kotlin_kotlin-stdlib-jdk8: 2.2.20
[01:56:04] [main/INFO] - org_jetbrains_kotlinx_atomicfu-jvm: 0.29.0
[01:56:04] [main/INFO] - org_jetbrains_kotlinx_kotlinx-coroutines-core-jvm: 1.10.2
[01:56:04] [main/INFO] - org_jetbrains_kotlinx_kotlinx-coroutines-jdk8: 1.10.2
[01:56:04] [main/INFO] - org_jetbrains_kotlinx_kotlinx-datetime-jvm: 0.7.1
[01:56:04] [main/INFO] - org_jetbrains_kotlinx_kotlinx-io-bytestring-jvm: 0.8.0
[01:56:04] [main/INFO] - org_jetbrains_kotlinx_kotlinx-io-core-jvm: 0.8.0
[01:56:04] [main/INFO] - org_jetbrains_kotlinx_kotlinx-serialization-cbor-jvm: 1.9.0
[01:56:04] [main/INFO] - org_jetbrains_kotlinx_kotlinx-serialization-core-jvm: 1.9.0
[01:56:04] [main/INFO] - org_jetbrains_kotlinx_kotlinx-serialization-json-jvm: 1.9.0
[01:56:04] [main/INFO] - org_quiltmc_parsers_gson: 0.2.1
[01:56:04] [main/INFO] - org_quiltmc_parsers_json: 0.2.1
[01:56:04] [main/INFO] - owo: 0.12.15.4+1.21
[01:56:04] [main/INFO] - packet_tweaker: 0.5.1+24w03b
[01:56:04] [main/INFO] - packetfixer: 3.3.0
[01:56:04] [main/INFO] - pasture-loot: 1.0.2+1.21.1
[01:56:04] [main/INFO] - ping-wheel: 1.11.1
[01:56:04] [main/INFO] - playerxp: 1.0.2+1.21.1
[01:56:04] [main/INFO] - playit_fabric: 1.3.2
[01:56:04] [main/INFO] - pokeblocks: 1.4.0-1.21.1
[01:56:04] [main/INFO] - porting_lib_conditions: 3.1.0-beta.47+1.21.1
[01:56:04] [main/INFO] - porting_lib_core: 3.1.0-beta.47+1.21.1
[01:56:04] [main/INFO] - porting_lib_fluids: 3.1.0-beta.47+1.21.1
[01:56:04] [main/INFO] - porting_lib_item_abilities: 3.1.0-beta.47+1.21.1
[01:56:04] [main/INFO] - porting_lib_lazy_registration: 3.1.0-beta.47+1.21.1
[01:56:04] [main/INFO] - porting_lib_level_events: 3.1.0-beta.47+1.21.1
[01:56:04] [main/INFO] - porting_lib_loot: 3.1.0-beta.47+1.21.1
[01:56:04] [main/INFO] - porting_lib_model_loader: 3.1.0-beta.47+1.21.1
[01:56:04] [main/INFO] - porting_lib_render_types: 3.1.0-beta.47+1.21.1
[01:56:04] [main/INFO] - porting_lib_transfer: 3.1.0-beta.47+1.21.1
[01:56:04] [main/INFO] - rctapi: 0.13.9-beta
[01:56:04] [main/INFO] - rctmod: 0.16.9-beta
[01:56:04] [main/INFO] - repurposed_structures: 7.5.17+1.21.1-fabric
[01:56:04] [main/INFO] - resourcefullib: 3.0.12
[01:56:04] [main/INFO] - respackopts: 4.11.3
[01:56:04] [main/INFO] - roughlyenoughitems: 16.0.799
[01:56:04] [main/INFO] - safepastures: 1.1.0+1.21.1
[01:56:04] [main/INFO] - server_translations_api: 2.3.1+1.21-pre2
[01:56:04] [main/INFO] - sophisticatedbackpacks: 1.21.1-3.23.4.3.106
[01:56:04] [main/INFO] - sophisticatedcore: 1.21.1-1.2.9.19.161
[01:56:04] [main/INFO] - sophisticatedstorage: 1.21.1-1.3.7.7.133
[01:56:04] [main/INFO] - spectrelib: 0.17.2+1.21
[01:56:04] [main/INFO] - stackdeobfuscator: 1.4.3+08e71cc
[01:56:04] [main/INFO] - stackdeobfuscator-common: 1.4.3+08e71cc
[01:56:04] [main/INFO] - supermartijn642configlib: 1.1.8
[01:56:04] [main/INFO] - team_reborn_energy: 4.1.0
[01:56:04] [main/INFO] - tim_core: 1.6.1-fabric-1.15.1
[01:56:04] [main/INFO] - tmcraft: 1.4.14+1.6.1
[01:56:04] [main/INFO] - trinkets: 3.10.0
[01:56:04] [main/INFO] - villagerconfig: 4.4.11
[01:56:04] [main/INFO] - waystones: 21.1.23
[01:56:04] [main/INFO] - yet_another_config_lib_v3: 3.8.0+1.21.1-fabric
[01:56:04] [main/INFO] ========================================
[01:56:04] [main/INFO] [REI] Registered plugin provider DefaultPlugin [roughlyenoughitems] for REIPlugin
[01:56:04] [main/INFO] [REI] Registered plugin provider DefaultRuntimePlugin [roughlyenoughitems] for REIPlugin
[01:56:04] [main/INFO] [REI] Registered plugin provider REIServerCompat [sophisticatedbackpacks] for REIPlugin
[01:56:04] [main/INFO] [REI] Registered plugin provider REIServerCompat [sophisticatedcore] for REIPlugin
[01:56:04] [main/INFO] [REI] Registered plugin provider REIServerCompat [sophisticatedstorage] for REIPlugin
[01:56:04] [main/INFO] [REI] Registered plugin provider DefaultPlugin [roughlyenoughitems] for REIServerPlugin
[01:56:04] [main/INFO] [REI] Registered plugin provider DefaultRuntimePlugin [roughlyenoughitems] for REIServerPlugin
[01:56:04] [main/INFO] [REI] Registered plugin provider REIServerCompat [sophisticatedbackpacks] for REIServerPlugin
[01:56:04] [main/INFO] [REI] Registered plugin provider REIServerCompat [sophisticatedcore] for REIServerPlugin
[01:56:04] [main/INFO] [REI] Registered plugin provider REIServerCompat [sophisticatedstorage] for REIServerPlugin
[01:56:04] [main/INFO] [REI] Registered plugin provider FabricFluidAPISupportPlugin for REIServerPlugin
[01:56:04] [main/INFO] [REI] Registered plugin provider FabricFluidAPISupportPlugin for REIPlugin
[01:56:10] [Worker-Main-1/DEBUG] [REI] Processed 3 tags in 535.6 μs for minecraft:instrument
[01:56:10] [Worker-Main-1/DEBUG] [REI] Processed 0 tags in 213.5 μs for minecraft:worldgen/biome
[01:56:10] [Worker-Main-1/DEBUG] [REI] Processed 659 tags in 8.079 ms for minecraft:item
[01:56:10] [Worker-Main-1/DEBUG] [REI] Processed 0 tags in 4.930 μs for minecraft:worldgen/world_preset
[01:56:10] [Worker-Main-1/DEBUG] [REI] Processed 0 tags in 12.65 μs for minecraft:damage_type
[01:56:10] [Worker-Main-1/DEBUG] [REI] Processed 436 tags in 4.342 ms for minecraft:block
[01:56:10] [Worker-Main-1/DEBUG] [REI] Processed 0 tags in 27.66 μs for minecraft:worldgen/structure
[01:56:10] [Worker-Main-1/DEBUG] [REI] Processed 0 tags in 3.657 μs for minecraft:worldgen/flat_level_generator_preset
[01:56:10] [Worker-Main-1/DEBUG] [REI] Processed 3 tags in 55.26 μs for minecraft:point_of_interest_type
[01:56:10] [Worker-Main-1/DEBUG] [REI] Processed 2 tags in 13.31 μs for minecraft:cat_variant
[01:56:10] [Worker-Main-1/DEBUG] [REI] Processed 0 tags in 11.14 μs for minecraft:enchantment
[01:56:10] [Worker-Main-1/DEBUG] [REI] Processed 0 tags in 8.225 μs for minecraft:worldgen/structure_set
[01:56:10] [Worker-Main-1/DEBUG] [REI] Processed 42 tags in 115.7 μs for minecraft:entity_type
[01:56:10] [Worker-Main-1/DEBUG] [REI] Processed 6 tags in 15.29 μs for minecraft:fluid
[01:56:10] [Worker-Main-1/DEBUG] [REI] Processed 0 tags in 5.330 μs for minecraft:banner_pattern
[01:56:10] [Worker-Main-1/DEBUG] [REI] Processed 5 tags in 49.72 μs for minecraft:game_event
[01:56:10] [Worker-Main-1/DEBUG] [REI] Processed 0 tags in 4.168 μs for minecraft:painting_variant
[01:56:23] [main/DEBUG] [REI] Starting Reload Plugins of stage null
java.lang.Throwable
	at knot//me.shedaniel.rei.impl.common.plugins.ReloadManagerImpl.reloadPlugins(ReloadManagerImpl.java:110)
	at knot//me.shedaniel.rei.RoughlyEnoughItemsCore.lambda$onInitialize$5(RoughlyEnoughItemsCore.java:163)
	at java.base/java.util.concurrent.CompletableFuture$UniRun.tryFire(CompletableFuture.java:787)
	at java.base/java.util.concurrent.CompletableFuture$Completion.run(CompletableFuture.java:482)
	at knot//net.minecraft.class_4014.method_18365(class_4014.java:69)
	at knot//net.minecraft.class_156.method_43498(class_156.java:1024)
	at knot//net.minecraft.class_156.method_43499(class_156.java:1012)
	at knot//net.minecraft.server.Main.main(Main.java:182)
	at net.fabricmc.loader.impl.game.minecraft.MinecraftGameProvider.launch(MinecraftGameProvider.java:506)
	at net.fabricmc.loader.impl.launch.knot.Knot.launch(Knot.java:72)
	at net.fabricmc.loader.impl.launch.knot.KnotServer.main(KnotServer.java:23)
	at net.fabricmc.loader.impl.launch.server.FabricServerLauncher.main(FabricServerLauncher.java:69)
	at net.fabricmc.installer.ServerLauncher.main(ServerLauncher.java:69)
[01:56:23] [main/DEBUG] [REI] ========================================
[01:56:23] [main/DEBUG] [REI] REIPlugin starting pre-reload for START.
[01:56:23] [main/DEBUG] [REI] Reloadables (7):
[01:56:23] [main/DEBUG] [REI]  - EntryTypeRegistryImpl
[01:56:23] [main/DEBUG] [REI]  - EntrySettingsAdapterRegistryImpl
[01:56:23] [main/DEBUG] [REI]  - RecipeManagerContextImpl
[01:56:23] [main/DEBUG] [REI]  - ItemComparatorRegistryImpl
[01:56:23] [main/DEBUG] [REI]  - FluidComparatorRegistryImpl
[01:56:23] [main/DEBUG] [REI]  - DisplaySerializerRegistryImpl
[01:56:23] [main/DEBUG] [REI]  - FluidSupportProviderImpl
[01:56:23] [main/DEBUG] [REI] Plugins (6):
[01:56:23] [main/DEBUG] [REI]  - (-100.00) DefaultPlugin of DefaultPlugin [roughlyenoughitems]
[01:56:23] [main/DEBUG] [REI]  - (0.00) FabricFluidAPISupportPlugin
[01:56:23] [main/DEBUG] [REI]  - (0.00) REIServerCompat of REIServerCompat [sophisticatedstorage]
[01:56:23] [main/DEBUG] [REI]  - (0.00) REIServerCompat of REIServerCompat [sophisticatedcore]
[01:56:23] [main/DEBUG] [REI]  - (0.00) REIServerCompat of REIServerCompat [sophisticatedbackpacks]
[01:56:23] [main/DEBUG] [REI]  - (0.00) DefaultRuntimePlugin of DefaultRuntimePlugin [roughlyenoughitems]
[01:56:23] [main/DEBUG] [REI] ========================================
[01:56:23] [main/TRACE] [REI] [REIPlugin START] Reloading Section: "pre-register/"
[01:56:23] [main/TRACE] [REI] [REIPlugin START] Reloading Section: "pre-register/DefaultPlugin of DefaultPlugin [roughlyenoughitems]/"
[01:56:23] [main/TRACE] [REI] [REIPlugin START] Reloading Section: "pre-register/DefaultPlugin of DefaultPlugin [roughlyenoughitems]/" done in 3.129 ms
[01:56:23] [main/TRACE] [REI] [REIPlugin START] Reloading Section: "pre-register/FabricFluidAPISupportPlugin/"
[01:56:23] [main/TRACE] [REI] [REIPlugin START] Reloading Section: "pre-register/FabricFluidAPISupportPlugin/" done in 52.78 μs
[01:56:23] [main/TRACE] [REI] [REIPlugin START] Reloading Section: "pre-register/REIServerCompat of REIServerCompat [sophisticatedstorage]/"
[01:56:23] [main/TRACE] [REI] [REIPlugin START] Reloading Section: "pre-register/REIServerCompat of REIServerCompat [sophisticatedstorage]/" done in 45.20 μs
[01:56:23] [main/TRACE] [REI] [REIPlugin START] Reloading Section: "pre-register/REIServerCompat of REIServerCompat [sophisticatedcore]/"
[01:56:23] [main/TRACE] [REI] [REIPlugin START] Reloading Section: "pre-register/REIServerCompat of REIServerCompat [sophisticatedcore]/" done in 40.23 μs
[01:56:23] [main/TRACE] [REI] [REIPlugin START] Reloading Section: "pre-register/REIServerCompat of REIServerCompat [sophisticatedbackpacks]/"
[01:56:23] [main/TRACE] [REI] [REIPlugin START] Reloading Section: "pre-register/REIServerCompat of REIServerCompat [sophisticatedbackpacks]/" done in 38.17 μs
[01:56:23] [main/TRACE] [REI] [REIPlugin START] Reloading Section: "pre-register/DefaultRuntimePlugin of DefaultRuntimePlugin [roughlyenoughitems]/"
[01:56:23] [main/TRACE] [REI] [REIPlugin START] Reloading Section: "pre-register/DefaultRuntimePlugin of DefaultRuntimePlugin [roughlyenoughitems]/" done in 47.94 μs
[01:56:23] [main/TRACE] [REI] [REIPlugin START] Reloading Section: "pre-register/" done in 30.16 ms
[01:56:23] [main/TRACE] [REI] [REIPlugin START] Reloading Section: "pre-stage/"
[01:56:23] [main/TRACE] [REI] [REIPlugin START] Reloading Section: "pre-stage/EntryTypeRegistryImpl/"
[01:56:23] [main/TRACE] [REI] [REIPlugin START] Reloading Section: "pre-stage/EntryTypeRegistryImpl/" done in 4.255 ms
[01:56:23] [main/TRACE] [REI] [REIPlugin START] Reloading Section: "pre-stage/EntrySettingsAdapterRegistryImpl/"
[01:56:23] [main/TRACE] [REI] [REIPlugin START] Reloading Section: "pre-stage/EntrySettingsAdapterRegistryImpl/" done in 57.93 μs
[01:56:23] [main/TRACE] [REI] [REIPlugin START] Reloading Section: "pre-stage/RecipeManagerContextImpl/"
[01:56:23] [main/TRACE] [REI] [REIPlugin START] Reloading Section: "pre-stage/RecipeManagerContextImpl/" done in 37.41 μs
[01:56:23] [main/TRACE] [REI] [REIPlugin START] Reloading Section: "pre-stage/ItemComparatorRegistryImpl/"
[01:56:23] [main/TRACE] [REI] [REIPlugin START] Reloading Section: "pre-stage/ItemComparatorRegistryImpl/" done in 31.78 μs
[01:56:23] [main/TRACE] [REI] [REIPlugin START] Reloading Section: "pre-stage/FluidComparatorRegistryImpl/"
[01:56:23] [main/TRACE] [REI] [REIPlugin START] Reloading Section: "pre-stage/FluidComparatorRegistryImpl/" done in 32.46 μs
[01:56:23] [main/TRACE] [REI] [REIPlugin START] Reloading Section: "pre-stage/DisplaySerializerRegistryImpl/"
[01:56:23] [main/TRACE] [REI] [REIPlugin START] Reloading Section: "pre-stage/DisplaySerializerRegistryImpl/" done in 31.73 μs
[01:56:23] [main/TRACE] [REI] [REIPlugin START] Reloading Section: "pre-stage/FluidSupportProviderImpl/"
[01:56:23] [main/TRACE] [REI] [REIPlugin START] Reloading Section: "pre-stage/FluidSupportProviderImpl/" done in 33.51 μs
[01:56:23] [main/TRACE] [REI] [REIPlugin START] Reloading Section: "pre-stage/" done in 5.031 ms
[01:56:23] [main/DEBUG] [REI] ========================================
[01:56:23] [main/DEBUG] [REI] REIPlugin finished pre-reload for START in 35.72 ms.
[01:56:23] [main/DEBUG] [REI] ========================================
[01:56:23] [main/DEBUG] [REI] ========================================
[01:56:23] [main/DEBUG] [REI] REIServerPlugin starting pre-reload for START.
[01:56:23] [main/DEBUG] [REI] Reloadables (2):
[01:56:23] [main/DEBUG] [REI]  - MenuInfoRegistryImpl
[01:56:23] [main/DEBUG] [REI]  - SlotAccessorRegistryImpl
[01:56:23] [main/DEBUG] [REI] Plugins (6):
[01:56:23] [main/DEBUG] [REI]  - (-100.00) DefaultPlugin of DefaultPlugin [roughlyenoughitems]
[01:56:23] [main/DEBUG] [REI]  - (0.00) FabricFluidAPISupportPlugin
[01:56:23] [main/DEBUG] [REI]  - (0.00) REIServerCompat of REIServerCompat [sophisticatedstorage]
[01:56:23] [main/DEBUG] [REI]  - (0.00) REIServerCompat of REIServerCompat [sophisticatedcore]
[01:56:23] [main/DEBUG] [REI]  - (0.00) REIServerCompat of REIServerCompat [sophisticatedbackpacks]
[01:56:23] [main/DEBUG] [REI]  - (0.00) DefaultRuntimePlugin of DefaultRuntimePlugin [roughlyenoughitems]
[01:56:23] [main/DEBUG] [REI] ========================================
[01:56:23] [main/TRACE] [REI] [REIServerPlugin START] Reloading Section: "pre-register/"
[01:56:23] [main/TRACE] [REI] [REIServerPlugin START] Reloading Section: "pre-register/DefaultPlugin of DefaultPlugin [roughlyenoughitems]/"
[01:56:23] [main/TRACE] [REI] [REIServerPlugin START] Reloading Section: "pre-register/DefaultPlugin of DefaultPlugin [roughlyenoughitems]/" done in 60.40 μs
[01:56:23] [main/TRACE] [REI] [REIServerPlugin START] Reloading Section: "pre-register/FabricFluidAPISupportPlugin/"
[01:56:23] [main/TRACE] [REI] [REIServerPlugin START] Reloading Section: "pre-register/FabricFluidAPISupportPlugin/" done in 47.81 μs
[01:56:23] [main/TRACE] [REI] [REIServerPlugin START] Reloading Section: "pre-register/REIServerCompat of REIServerCompat [sophisticatedstorage]/"
[01:56:23] [main/TRACE] [REI] [REIServerPlugin START] Reloading Section: "pre-register/REIServerCompat of REIServerCompat [sophisticatedstorage]/" done in 70.27 μs
[01:56:23] [main/TRACE] [REI] [REIServerPlugin START] Reloading Section: "pre-register/REIServerCompat of REIServerCompat [sophisticatedcore]/"
[01:56:23] [main/TRACE] [REI] [REIServerPlugin START] Reloading Section: "pre-register/REIServerCompat of REIServerCompat [sophisticatedcore]/" done in 40.17 μs
[01:56:23] [main/TRACE] [REI] [REIServerPlugin START] Reloading Section: "pre-register/REIServerCompat of REIServerCompat [sophisticatedbackpacks]/"
[01:56:23] [main/TRACE] [REI] [REIServerPlugin START] Reloading Section: "pre-register/REIServerCompat of REIServerCompat [sophisticatedbackpacks]/" done in 38.86 μs
[01:56:23] [main/TRACE] [REI] [REIServerPlugin START] Reloading Section: "pre-register/DefaultRuntimePlugin of DefaultRuntimePlugin [roughlyenoughitems]/"
[01:56:23] [main/TRACE] [REI] [REIServerPlugin START] Reloading Section: "pre-register/DefaultRuntimePlugin of DefaultRuntimePlugin [roughlyenoughitems]/" done in 41.66 μs
[01:56:23] [main/TRACE] [REI] [REIServerPlugin START] Reloading Section: "pre-register/" done in 2.821 ms
[01:56:23] [main/TRACE] [REI] [REIServerPlugin START] Reloading Section: "pre-stage/"
[01:56:23] [main/TRACE] [REI] [REIServerPlugin START] Reloading Section: "pre-stage/MenuInfoRegistryImpl/"
[01:56:23] [main/TRACE] [REI] [REIServerPlugin START] Reloading Section: "pre-stage/MenuInfoRegistryImpl/" done in 57.32 μs
[01:56:23] [main/TRACE] [REI] [REIServerPlugin START] Reloading Section: "pre-stage/SlotAccessorRegistryImpl/"
[01:56:23] [main/TRACE] [REI] [REIServerPlugin START] Reloading Section: "pre-stage/SlotAccessorRegistryImpl/" done in 42.49 μs
[01:56:23] [main/TRACE] [REI] [REIServerPlugin START] Reloading Section: "pre-stage/" done in 292.1 μs
[01:56:23] [main/DEBUG] [REI] ========================================
[01:56:23] [main/DEBUG] [REI] REIServerPlugin finished pre-reload for START in 3.244 ms.
[01:56:23] [main/DEBUG] [REI] ========================================
[01:56:23] [main/INFO] [REI] @@@@@@@@@@@@@@@@@@@@@@@@@@@@@@@@@@@@@@@@
[01:56:23] [main/INFO] [REI] REIPlugin starting main-reload for START.
[01:56:23] [main/DEBUG] [REI] Reloadables (7):
[01:56:23] [main/DEBUG] [REI]  - EntryTypeRegistryImpl
[01:56:23] [main/DEBUG] [REI]  - EntrySettingsAdapterRegistryImpl
[01:56:23] [main/DEBUG] [REI]  - RecipeManagerContextImpl
[01:56:23] [main/DEBUG] [REI]  - ItemComparatorRegistryImpl
[01:56:23] [main/DEBUG] [REI]  - FluidComparatorRegistryImpl
[01:56:23] [main/DEBUG] [REI]  - DisplaySerializerRegistryImpl
[01:56:23] [main/DEBUG] [REI]  - FluidSupportProviderImpl
[01:56:23] [main/INFO] [REI] Plugins (6):
[01:56:23] [main/INFO] [REI]  - (-100.00) DefaultPlugin of DefaultPlugin [roughlyenoughitems]
[01:56:23] [main/INFO] [REI]  - (0.00) FabricFluidAPISupportPlugin
[01:56:23] [main/INFO] [REI]  - (0.00) REIServerCompat of REIServerCompat [sophisticatedstorage]
[01:56:23] [main/INFO] [REI]  - (0.00) REIServerCompat of REIServerCompat [sophisticatedcore]
[01:56:23] [main/INFO] [REI]  - (0.00) REIServerCompat of REIServerCompat [sophisticatedbackpacks]
[01:56:23] [main/INFO] [REI]  - (0.00) DefaultRuntimePlugin of DefaultRuntimePlugin [roughlyenoughitems]
[01:56:23] [main/INFO] [REI] @@@@@@@@@@@@@@@@@@@@@@@@@@@@@@@@@@@@@@@@
[01:56:23] [main/TRACE] [REI] [REIPlugin START] Reloading Section: "start-reload/"
[01:56:23] [main/TRACE] [REI] [REIPlugin START] Reloading Section: "start-reload/EntryTypeRegistryImpl/"
[01:56:23] [main/TRACE] [REI] [REIPlugin START] Reloading Section: "start-reload/EntryTypeRegistryImpl/" done in 113.0 μs
[01:56:23] [main/TRACE] [REI] [REIPlugin START] Reloading Section: "start-reload/EntrySettingsAdapterRegistryImpl/"
[01:56:23] [main/TRACE] [REI] [REIPlugin START] Reloading Section: "start-reload/EntrySettingsAdapterRegistryImpl/" done in 42.72 μs
[01:56:23] [main/TRACE] [REI] [REIPlugin START] Reloading Section: "start-reload/RecipeManagerContextImpl/"
[01:56:23] [main/TRACE] [REI] [REIPlugin START] Reloading Section: "start-reload/RecipeManagerContextImpl/" done in 42.23 μs
[01:56:23] [main/TRACE] [REI] [REIPlugin START] Reloading Section: "start-reload/ItemComparatorRegistryImpl/"
[01:56:23] [main/TRACE] [REI] [REIPlugin START] Reloading Section: "start-reload/ItemComparatorRegistryImpl/" done in 51.92 μs
[01:56:23] [main/TRACE] [REI] [REIPlugin START] Reloading Section: "start-reload/FluidComparatorRegistryImpl/"
[01:56:23] [main/TRACE] [REI] [REIPlugin START] Reloading Section: "start-reload/FluidComparatorRegistryImpl/" done in 33.47 μs
[01:56:23] [main/TRACE] [REI] [REIPlugin START] Reloading Section: "start-reload/DisplaySerializerRegistryImpl/"
[01:56:23] [main/TRACE] [REI] [REIPlugin START] Reloading Section: "start-reload/DisplaySerializerRegistryImpl/" done in 64.04 μs
[01:56:23] [main/TRACE] [REI] [REIPlugin START] Reloading Section: "start-reload/FluidSupportProviderImpl/"
[01:56:23] [main/TRACE] [REI] [REIPlugin START] Reloading Section: "start-reload/FluidSupportProviderImpl/" done in 56.09 μs
[01:56:23] [main/TRACE] [REI] [REIPlugin START] Reloading Section: "start-reload/" done in 1.021 ms
[01:56:23] [main/DEBUG] [REI] ========================================
[01:56:23] [main/DEBUG] [REI] REIPlugin started main-reload for START.
[01:56:23] [main/DEBUG] [REI] ========================================
[01:56:23] [main/TRACE] [REI] [REIPlugin START] Reloading Section: "reloadable-plugin/EntryTypeRegistryImpl/"
[01:56:23] [main/TRACE] [REI] [REIPlugin START] Reloading Section: "reloadable-plugin/EntryTypeRegistryImpl/DefaultPlugin of DefaultPlugin [roughlyenoughitems]/"
[01:56:23] [main/TRACE] [REI] [REIPlugin START] Reloading Section: "reloadable-plugin/EntryTypeRegistryImpl/DefaultPlugin of DefaultPlugin [roughlyenoughitems]/" done in 477.8 μs
[01:56:23] [main/TRACE] [REI] [REIPlugin START] Reloading Section: "reloadable-plugin/EntryTypeRegistryImpl/FabricFluidAPISupportPlugin/"
[01:56:23] [main/TRACE] [REI] [REIPlugin START] Reloading Section: "reloadable-plugin/EntryTypeRegistryImpl/FabricFluidAPISupportPlugin/" done in 51.70 μs
[01:56:23] [main/TRACE] [REI] [REIPlugin START] Reloading Section: "reloadable-plugin/EntryTypeRegistryImpl/REIServerCompat of REIServerCompat [sophisticatedstorage]/"
[01:56:23] [main/TRACE] [REI] [REIPlugin START] Reloading Section: "reloadable-plugin/EntryTypeRegistryImpl/REIServerCompat of REIServerCompat [sophisticatedstorage]/" done in 34.32 μs
[01:56:23] [main/TRACE] [REI] [REIPlugin START] Reloading Section: "reloadable-plugin/EntryTypeRegistryImpl/REIServerCompat of REIServerCompat [sophisticatedcore]/"
[01:56:23] [main/TRACE] [REI] [REIPlugin START] Reloading Section: "reloadable-plugin/EntryTypeRegistryImpl/REIServerCompat of REIServerCompat [sophisticatedcore]/" done in 44.16 μs
[01:56:23] [main/TRACE] [REI] [REIPlugin START] Reloading Section: "reloadable-plugin/EntryTypeRegistryImpl/REIServerCompat of REIServerCompat [sophisticatedbackpacks]/"
[01:56:23] [main/TRACE] [REI] [REIPlugin START] Reloading Section: "reloadable-plugin/EntryTypeRegistryImpl/REIServerCompat of REIServerCompat [sophisticatedbackpacks]/" done in 50.01 μs
[01:56:23] [main/TRACE] [REI] [REIPlugin START] Reloading Section: "reloadable-plugin/EntryTypeRegistryImpl/DefaultRuntimePlugin of DefaultRuntimePlugin [roughlyenoughitems]/"
[01:56:23] [main/TRACE] [REI] [REIPlugin START] Reloading Section: "reloadable-plugin/EntryTypeRegistryImpl/DefaultRuntimePlugin of DefaultRuntimePlugin [roughlyenoughitems]/" done in 13.92 ms
[01:56:23] [main/TRACE] [REI] [REIPlugin START] Reloading Section: "reloadable-plugin/EntryTypeRegistryImpl/" done in 17.12 ms
[01:56:23] [main/TRACE] [REI] [REIPlugin START] Reloading Section: "reloadable-plugin/EntrySettingsAdapterRegistryImpl/"
[01:56:23] [main/TRACE] [REI] [REIPlugin START] Reloading Section: "reloadable-plugin/EntrySettingsAdapterRegistryImpl/DefaultPlugin of DefaultPlugin [roughlyenoughitems]/"
[01:56:23] [main/TRACE] [REI] [REIPlugin START] Reloading Section: "reloadable-plugin/EntrySettingsAdapterRegistryImpl/DefaultPlugin of DefaultPlugin [roughlyenoughitems]/" done in 55.84 μs
[01:56:23] [main/TRACE] [REI] [REIPlugin START] Reloading Section: "reloadable-plugin/EntrySettingsAdapterRegistryImpl/FabricFluidAPISupportPlugin/"
[01:56:23] [main/TRACE] [REI] [REIPlugin START] Reloading Section: "reloadable-plugin/EntrySettingsAdapterRegistryImpl/FabricFluidAPISupportPlugin/" done in 40.42 μs
[01:56:23] [main/TRACE] [REI] [REIPlugin START] Reloading Section: "reloadable-plugin/EntrySettingsAdapterRegistryImpl/REIServerCompat of REIServerCompat [sophisticatedstorage]/"
[01:56:23] [main/TRACE] [REI] [REIPlugin START] Reloading Section: "reloadable-plugin/EntrySettingsAdapterRegistryImpl/REIServerCompat of REIServerCompat [sophisticatedstorage]/" done in 46.17 μs
[01:56:23] [main/TRACE] [REI] [REIPlugin START] Reloading Section: "reloadable-plugin/EntrySettingsAdapterRegistryImpl/REIServerCompat of REIServerCompat [sophisticatedcore]/"
[01:56:23] [main/TRACE] [REI] [REIPlugin START] Reloading Section: "reloadable-plugin/EntrySettingsAdapterRegistryImpl/REIServerCompat of REIServerCompat [sophisticatedcore]/" done in 35.65 μs
[01:56:23] [main/TRACE] [REI] [REIPlugin START] Reloading Section: "reloadable-plugin/EntrySettingsAdapterRegistryImpl/REIServerCompat of REIServerCompat [sophisticatedbackpacks]/"
[01:56:23] [main/TRACE] [REI] [REIPlugin START] Reloading Section: "reloadable-plugin/EntrySettingsAdapterRegistryImpl/REIServerCompat of REIServerCompat [sophisticatedbackpacks]/" done in 46.50 μs
[01:56:23] [main/TRACE] [REI] [REIPlugin START] Reloading Section: "reloadable-plugin/EntrySettingsAdapterRegistryImpl/DefaultRuntimePlugin of DefaultRuntimePlugin [roughlyenoughitems]/"
[01:56:23] [main/TRACE] [REI] [REIPlugin START] Reloading Section: "reloadable-plugin/EntrySettingsAdapterRegistryImpl/DefaultRuntimePlugin of DefaultRuntimePlugin [roughlyenoughitems]/" done in 42.83 μs
[01:56:23] [main/TRACE] [REI] [REIPlugin START] Reloading Section: "reloadable-plugin/EntrySettingsAdapterRegistryImpl/" done in 2.398 ms
[01:56:23] [main/TRACE] [REI] [REIPlugin START] Reloading Section: "reloadable-plugin/RecipeManagerContextImpl/"
[01:56:23] [main/TRACE] [REI] [REIPlugin START] Reloading Section: "reloadable-plugin/RecipeManagerContextImpl/DefaultPlugin of DefaultPlugin [roughlyenoughitems]/"
[01:56:23] [main/TRACE] [REI] [REIPlugin START] Reloading Section: "reloadable-plugin/RecipeManagerContextImpl/DefaultPlugin of DefaultPlugin [roughlyenoughitems]/" done in 49.27 μs
[01:56:23] [main/TRACE] [REI] [REIPlugin START] Reloading Section: "reloadable-plugin/RecipeManagerContextImpl/FabricFluidAPISupportPlugin/"
[01:56:23] [main/TRACE] [REI] [REIPlugin START] Reloading Section: "reloadable-plugin/RecipeManagerContextImpl/FabricFluidAPISupportPlugin/" done in 79.51 μs
[01:56:23] [main/TRACE] [REI] [REIPlugin START] Reloading Section: "reloadable-plugin/RecipeManagerContextImpl/REIServerCompat of REIServerCompat [sophisticatedstorage]/"
[01:56:23] [main/TRACE] [REI] [REIPlugin START] Reloading Section: "reloadable-plugin/RecipeManagerContextImpl/REIServerCompat of REIServerCompat [sophisticatedstorage]/" done in 59.36 μs
[01:56:23] [main/TRACE] [REI] [REIPlugin START] Reloading Section: "reloadable-plugin/RecipeManagerContextImpl/REIServerCompat of REIServerCompat [sophisticatedcore]/"
[01:56:23] [main/TRACE] [REI] [REIPlugin START] Reloading Section: "reloadable-plugin/RecipeManagerContextImpl/REIServerCompat of REIServerCompat [sophisticatedcore]/" done in 69.37 μs
[01:56:23] [main/TRACE] [REI] [REIPlugin START] Reloading Section: "reloadable-plugin/RecipeManagerContextImpl/REIServerCompat of REIServerCompat [sophisticatedbackpacks]/"
[01:56:23] [main/TRACE] [REI] [REIPlugin START] Reloading Section: "reloadable-plugin/RecipeManagerContextImpl/REIServerCompat of REIServerCompat [sophisticatedbackpacks]/" done in 2.526 ms
[01:56:23] [main/TRACE] [REI] [REIPlugin START] Reloading Section: "reloadable-plugin/RecipeManagerContextImpl/DefaultRuntimePlugin of DefaultRuntimePlugin [roughlyenoughitems]/"
[01:56:23] [main/TRACE] [REI] [REIPlugin START] Reloading Section: "reloadable-plugin/RecipeManagerContextImpl/DefaultRuntimePlugin of DefaultRuntimePlugin [roughlyenoughitems]/" done in 66.48 μs
[01:56:23] [main/TRACE] [REI] [REIPlugin START] Reloading Section: "reloadable-plugin/RecipeManagerContextImpl/" done in 4.189 ms
[01:56:23] [main/TRACE] [REI] [REIPlugin START] Reloading Section: "reloadable-plugin/ItemComparatorRegistryImpl/"
[01:56:23] [main/TRACE] [REI] [REIPlugin START] Reloading Section: "reloadable-plugin/ItemComparatorRegistryImpl/DefaultPlugin of DefaultPlugin [roughlyenoughitems]/"
[01:56:23] [main/TRACE] [REI] [REIPlugin START] Reloading Section: "reloadable-plugin/ItemComparatorRegistryImpl/DefaultPlugin of DefaultPlugin [roughlyenoughitems]/" done in 762.8 μs
[01:56:23] [main/TRACE] [REI] [REIPlugin START] Reloading Section: "reloadable-plugin/ItemComparatorRegistryImpl/FabricFluidAPISupportPlugin/"
[01:56:23] [main/TRACE] [REI] [REIPlugin START] Reloading Section: "reloadable-plugin/ItemComparatorRegistryImpl/FabricFluidAPISupportPlugin/" done in 51.10 μs
[01:56:23] [main/TRACE] [REI] [REIPlugin START] Reloading Section: "reloadable-plugin/ItemComparatorRegistryImpl/REIServerCompat of REIServerCompat [sophisticatedstorage]/"
[01:56:23] [main/TRACE] [REI] [REIPlugin START] Reloading Section: "reloadable-plugin/ItemComparatorRegistryImpl/REIServerCompat of REIServerCompat [sophisticatedstorage]/" done in 936.0 μs
[01:56:23] [main/TRACE] [REI] [REIPlugin START] Reloading Section: "reloadable-plugin/ItemComparatorRegistryImpl/REIServerCompat of REIServerCompat [sophisticatedcore]/"
[01:56:23] [main/TRACE] [REI] [REIPlugin START] Reloading Section: "reloadable-plugin/ItemComparatorRegistryImpl/REIServerCompat of REIServerCompat [sophisticatedcore]/" done in 62.81 μs
[01:56:23] [main/TRACE] [REI] [REIPlugin START] Reloading Section: "reloadable-plugin/ItemComparatorRegistryImpl/REIServerCompat of REIServerCompat [sophisticatedbackpacks]/"
[01:56:23] [main/TRACE] [REI] [REIPlugin START] Reloading Section: "reloadable-plugin/ItemComparatorRegistryImpl/REIServerCompat of REIServerCompat [sophisticatedbackpacks]/" done in 497.9 μs
[01:56:23] [main/TRACE] [REI] [REIPlugin START] Reloading Section: "reloadable-plugin/ItemComparatorRegistryImpl/DefaultRuntimePlugin of DefaultRuntimePlugin [roughlyenoughitems]/"
[01:56:23] [main/TRACE] [REI] [REIPlugin START] Reloading Section: "reloadable-plugin/ItemComparatorRegistryImpl/DefaultRuntimePlugin of DefaultRuntimePlugin [roughlyenoughitems]/" done in 60.91 μs
[01:56:23] [main/TRACE] [REI] [REIPlugin START] Reloading Section: "reloadable-plugin/ItemComparatorRegistryImpl/" done in 5.403 ms
[01:56:23] [main/TRACE] [REI] [REIPlugin START] Reloading Section: "reloadable-plugin/FluidComparatorRegistryImpl/"
[01:56:23] [main/TRACE] [REI] [REIPlugin START] Reloading Section: "reloadable-plugin/FluidComparatorRegistryImpl/DefaultPlugin of DefaultPlugin [roughlyenoughitems]/"
[01:56:23] [main/TRACE] [REI] [REIPlugin START] Reloading Section: "reloadable-plugin/FluidComparatorRegistryImpl/DefaultPlugin of DefaultPlugin [roughlyenoughitems]/" done in 71.07 μs
[01:56:23] [main/TRACE] [REI] [REIPlugin START] Reloading Section: "reloadable-plugin/FluidComparatorRegistryImpl/FabricFluidAPISupportPlugin/"
[01:56:23] [main/TRACE] [REI] [REIPlugin START] Reloading Section: "reloadable-plugin/FluidComparatorRegistryImpl/FabricFluidAPISupportPlugin/" done in 52.15 μs
[01:56:23] [main/TRACE] [REI] [REIPlugin START] Reloading Section: "reloadable-plugin/FluidComparatorRegistryImpl/REIServerCompat of REIServerCompat [sophisticatedstorage]/"
[01:56:23] [main/TRACE] [REI] [REIPlugin START] Reloading Section: "reloadable-plugin/FluidComparatorRegistryImpl/REIServerCompat of REIServerCompat [sophisticatedstorage]/" done in 47.93 μs
[01:56:23] [main/TRACE] [REI] [REIPlugin START] Reloading Section: "reloadable-plugin/FluidComparatorRegistryImpl/REIServerCompat of REIServerCompat [sophisticatedcore]/"
[01:56:23] [main/TRACE] [REI] [REIPlugin START] Reloading Section: "reloadable-plugin/FluidComparatorRegistryImpl/REIServerCompat of REIServerCompat [sophisticatedcore]/" done in 31.98 μs
[01:56:23] [main/TRACE] [REI] [REIPlugin START] Reloading Section: "reloadable-plugin/FluidComparatorRegistryImpl/REIServerCompat of REIServerCompat [sophisticatedbackpacks]/"
[01:56:23] [main/TRACE] [REI] [REIPlugin START] Reloading Section: "reloadable-plugin/FluidComparatorRegistryImpl/REIServerCompat of REIServerCompat [sophisticatedbackpacks]/" done in 36.28 μs
[01:56:23] [main/TRACE] [REI] [REIPlugin START] Reloading Section: "reloadable-plugin/FluidComparatorRegistryImpl/DefaultRuntimePlugin of DefaultRuntimePlugin [roughlyenoughitems]/"
[01:56:23] [main/TRACE] [REI] [REIPlugin START] Reloading Section: "reloadable-plugin/FluidComparatorRegistryImpl/DefaultRuntimePlugin of DefaultRuntimePlugin [roughlyenoughitems]/" done in 33.54 μs
[01:56:23] [main/TRACE] [REI] [REIPlugin START] Reloading Section: "reloadable-plugin/FluidComparatorRegistryImpl/" done in 716.5 μs
[01:56:23] [main/TRACE] [REI] [REIPlugin START] Reloading Section: "reloadable-plugin/DisplaySerializerRegistryImpl/"
[01:56:23] [main/TRACE] [REI] [REIPlugin START] Reloading Section: "reloadable-plugin/DisplaySerializerRegistryImpl/DefaultPlugin of DefaultPlugin [roughlyenoughitems]/"
[01:56:23] [main/TRACE] [REI] [REIPlugin START] Reloading Section: "reloadable-plugin/DisplaySerializerRegistryImpl/DefaultPlugin of DefaultPlugin [roughlyenoughitems]/" done in 47.19 μs
[01:56:23] [main/TRACE] [REI] [REIPlugin START] Reloading Section: "reloadable-plugin/DisplaySerializerRegistryImpl/FabricFluidAPISupportPlugin/"
[01:56:23] [main/TRACE] [REI] [REIPlugin START] Reloading Section: "reloadable-plugin/DisplaySerializerRegistryImpl/FabricFluidAPISupportPlugin/" done in 35.49 μs
[01:56:23] [main/TRACE] [REI] [REIPlugin START] Reloading Section: "reloadable-plugin/DisplaySerializerRegistryImpl/REIServerCompat of REIServerCompat [sophisticatedstorage]/"
[01:56:23] [main/TRACE] [REI] [REIPlugin START] Reloading Section: "reloadable-plugin/DisplaySerializerRegistryImpl/REIServerCompat of REIServerCompat [sophisticatedstorage]/" done in 35.99 μs
[01:56:23] [main/TRACE] [REI] [REIPlugin START] Reloading Section: "reloadable-plugin/DisplaySerializerRegistryImpl/REIServerCompat of REIServerCompat [sophisticatedcore]/"
[01:56:23] [main/TRACE] [REI] [REIPlugin START] Reloading Section: "reloadable-plugin/DisplaySerializerRegistryImpl/REIServerCompat of REIServerCompat [sophisticatedcore]/" done in 65.54 μs
[01:56:23] [main/TRACE] [REI] [REIPlugin START] Reloading Section: "reloadable-plugin/DisplaySerializerRegistryImpl/REIServerCompat of REIServerCompat [sophisticatedbackpacks]/"
[01:56:23] [main/TRACE] [REI] [REIPlugin START] Reloading Section: "reloadable-plugin/DisplaySerializerRegistryImpl/REIServerCompat of REIServerCompat [sophisticatedbackpacks]/" done in 55.17 μs
[01:56:23] [main/TRACE] [REI] [REIPlugin START] Reloading Section: "reloadable-plugin/DisplaySerializerRegistryImpl/DefaultRuntimePlugin of DefaultRuntimePlugin [roughlyenoughitems]/"
[01:56:23] [main/TRACE] [REI] [REIPlugin START] Reloading Section: "reloadable-plugin/DisplaySerializerRegistryImpl/DefaultRuntimePlugin of DefaultRuntimePlugin [roughlyenoughitems]/" done in 1.644 ms
[01:56:23] [main/TRACE] [REI] [REIPlugin START] Reloading Section: "reloadable-plugin/DisplaySerializerRegistryImpl/" done in 2.461 ms
[01:56:23] [main/TRACE] [REI] [REIPlugin START] Reloading Section: "reloadable-plugin/FluidSupportProviderImpl/"
[01:56:23] [main/TRACE] [REI] [REIPlugin START] Reloading Section: "reloadable-plugin/FluidSupportProviderImpl/DefaultPlugin of DefaultPlugin [roughlyenoughitems]/"
[01:56:23] [main/TRACE] [REI] [REIPlugin START] Reloading Section: "reloadable-plugin/FluidSupportProviderImpl/DefaultPlugin of DefaultPlugin [roughlyenoughitems]/" done in 519.8 μs
[01:56:23] [main/TRACE] [REI] [REIPlugin START] Reloading Section: "reloadable-plugin/FluidSupportProviderImpl/FabricFluidAPISupportPlugin/"
[01:56:23] [main/TRACE] [REI] [REIPlugin START] Reloading Section: "reloadable-plugin/FluidSupportProviderImpl/FabricFluidAPISupportPlugin/" done in 240.4 μs
[01:56:23] [main/TRACE] [REI] [REIPlugin START] Reloading Section: "reloadable-plugin/FluidSupportProviderImpl/REIServerCompat of REIServerCompat [sophisticatedstorage]/"
[01:56:23] [main/TRACE] [REI] [REIPlugin START] Reloading Section: "reloadable-plugin/FluidSupportProviderImpl/REIServerCompat of REIServerCompat [sophisticatedstorage]/" done in 54.45 μs
[01:56:23] [main/TRACE] [REI] [REIPlugin START] Reloading Section: "reloadable-plugin/FluidSupportProviderImpl/REIServerCompat of REIServerCompat [sophisticatedcore]/"
[01:56:23] [main/TRACE] [REI] [REIPlugin START] Reloading Section: "reloadable-plugin/FluidSupportProviderImpl/REIServerCompat of REIServerCompat [sophisticatedcore]/" done in 53.85 μs
[01:56:23] [main/TRACE] [REI] [REIPlugin START] Reloading Section: "reloadable-plugin/FluidSupportProviderImpl/REIServerCompat of REIServerCompat [sophisticatedbackpacks]/"
[01:56:23] [main/TRACE] [REI] [REIPlugin START] Reloading Section: "reloadable-plugin/FluidSupportProviderImpl/REIServerCompat of REIServerCompat [sophisticatedbackpacks]/" done in 117.3 μs
[01:56:23] [main/TRACE] [REI] [REIPlugin START] Reloading Section: "reloadable-plugin/FluidSupportProviderImpl/DefaultRuntimePlugin of DefaultRuntimePlugin [roughlyenoughitems]/"
[01:56:23] [main/TRACE] [REI] [REIPlugin START] Reloading Section: "reloadable-plugin/FluidSupportProviderImpl/DefaultRuntimePlugin of DefaultRuntimePlugin [roughlyenoughitems]/" done in 119.0 μs
[01:56:23] [main/TRACE] [REI] [REIPlugin START] Reloading Section: "reloadable-plugin/FluidSupportProviderImpl/" done in 3.843 ms
[01:56:23] [main/DEBUG] [REI] ========================================
[01:56:23] [main/DEBUG] [REI] REIPlugin ending main-reload for START.
[01:56:23] [main/DEBUG] [REI] ========================================
[01:56:23] [main/TRACE] [REI] [REIPlugin START] Reloading Section: "end-reload/"
[01:56:23] [main/TRACE] [REI] [REIPlugin START] Reloading Section: "end-reload/EntryTypeRegistryImpl/"
[01:56:23] [main/TRACE] [REI] [REIPlugin START] Reloading Section: "end-reload/EntryTypeRegistryImpl/" done in 43.59 μs
[01:56:23] [main/TRACE] [REI] [REIPlugin START] Reloading Section: "end-reload/EntrySettingsAdapterRegistryImpl/"
[01:56:23] [main/TRACE] [REI] [REIPlugin START] Reloading Section: "end-reload/EntrySettingsAdapterRegistryImpl/" done in 28.79 μs
[01:56:23] [main/TRACE] [REI] [REIPlugin START] Reloading Section: "end-reload/RecipeManagerContextImpl/"
[01:56:23] [main/TRACE] [REI] [REIPlugin START] Reloading Section: "end-reload/RecipeManagerContextImpl/" done in 29.12 μs
[01:56:23] [main/TRACE] [REI] [REIPlugin START] Reloading Section: "end-reload/ItemComparatorRegistryImpl/"
[01:56:23] [main/TRACE] [REI] [REIPlugin START] Reloading Section: "end-reload/ItemComparatorRegistryImpl/" done in 27.15 μs
[01:56:23] [main/TRACE] [REI] [REIPlugin START] Reloading Section: "end-reload/FluidComparatorRegistryImpl/"
[01:56:23] [main/TRACE] [REI] [REIPlugin START] Reloading Section: "end-reload/FluidComparatorRegistryImpl/" done in 28.71 μs
[01:56:23] [main/TRACE] [REI] [REIPlugin START] Reloading Section: "end-reload/DisplaySerializerRegistryImpl/"
[01:56:23] [main/TRACE] [REI] [REIPlugin START] Reloading Section: "end-reload/DisplaySerializerRegistryImpl/" done in 31.68 μs
[01:56:23] [main/TRACE] [REI] [REIPlugin START] Reloading Section: "end-reload/FluidSupportProviderImpl/"
[01:56:23] [main/TRACE] [REI] [REIPlugin START] Reloading Section: "end-reload/FluidSupportProviderImpl/" done in 28.58 μs
[01:56:23] [main/TRACE] [REI] [REIPlugin START] Reloading Section: "end-reload/" done in 670.4 μs
[01:56:23] [main/DEBUG] [REI] ========================================
[01:56:23] [main/DEBUG] [REI] REIPlugin ended main-reload for START in 45.93 ms.
[01:56:23] [main/DEBUG] [REI] ========================================
[01:56:23] [main/INFO] [REI] ~~~~~~~~~~~~~~~~~~~~~~~~~~~~~~~~~~~~~~~~
[01:56:23] [main/INFO] [REI] REIServerPlugin starting main-reload for START.
[01:56:23] [main/DEBUG] [REI] Reloadables (2):
[01:56:23] [main/DEBUG] [REI]  - MenuInfoRegistryImpl
[01:56:24] [main/DEBUG] [REI]  - SlotAccessorRegistryImpl
[01:56:24] [main/INFO] [REI] Plugins (6):
[01:56:24] [main/INFO] [REI]  - (-100.00) DefaultPlugin of DefaultPlugin [roughlyenoughitems]
[01:56:24] [main/INFO] [REI]  - (0.00) FabricFluidAPISupportPlugin
[01:56:24] [main/INFO] [REI]  - (0.00) REIServerCompat of REIServerCompat [sophisticatedstorage]
[01:56:24] [main/INFO] [REI]  - (0.00) REIServerCompat of REIServerCompat [sophisticatedcore]
[01:56:24] [main/INFO] [REI]  - (0.00) REIServerCompat of REIServerCompat [sophisticatedbackpacks]
[01:56:24] [main/INFO] [REI]  - (0.00) DefaultRuntimePlugin of DefaultRuntimePlugin [roughlyenoughitems]
[01:56:24] [main/INFO] [REI] ~~~~~~~~~~~~~~~~~~~~~~~~~~~~~~~~~~~~~~~~
[01:56:24] [main/TRACE] [REI] [REIServerPlugin START] Reloading Section: "start-reload/"
[01:56:24] [main/TRACE] [REI] [REIServerPlugin START] Reloading Section: "start-reload/MenuInfoRegistryImpl/"
[01:56:24] [main/TRACE] [REI] [REIServerPlugin START] Reloading Section: "start-reload/MenuInfoRegistryImpl/" done in 98.45 μs
[01:56:24] [main/TRACE] [REI] [REIServerPlugin START] Reloading Section: "start-reload/SlotAccessorRegistryImpl/"
[01:56:24] [main/TRACE] [REI] [REIServerPlugin START] Reloading Section: "start-reload/SlotAccessorRegistryImpl/" done in 2.183 ms
[01:56:24] [main/TRACE] [REI] [REIServerPlugin START] Reloading Section: "start-reload/" done in 2.891 ms
[01:56:24] [main/DEBUG] [REI] ========================================
[01:56:24] [main/DEBUG] [REI] REIServerPlugin started main-reload for START.
[01:56:24] [main/DEBUG] [REI] ========================================
[01:56:24] [main/TRACE] [REI] [REIServerPlugin START] Reloading Section: "reloadable-plugin/MenuInfoRegistryImpl/"
[01:56:24] [main/TRACE] [REI] [REIServerPlugin START] Reloading Section: "reloadable-plugin/MenuInfoRegistryImpl/DefaultPlugin of DefaultPlugin [roughlyenoughitems]/"
[01:56:24] [main/TRACE] [REI] [REIServerPlugin START] Reloading Section: "reloadable-plugin/MenuInfoRegistryImpl/DefaultPlugin of DefaultPlugin [roughlyenoughitems]/" done in 42.15 μs
[01:56:24] [main/TRACE] [REI] [REIServerPlugin START] Reloading Section: "reloadable-plugin/MenuInfoRegistryImpl/FabricFluidAPISupportPlugin/"
[01:56:24] [main/TRACE] [REI] [REIServerPlugin START] Reloading Section: "reloadable-plugin/MenuInfoRegistryImpl/FabricFluidAPISupportPlugin/" done in 29.58 μs
[01:56:24] [main/TRACE] [REI] [REIServerPlugin START] Reloading Section: "reloadable-plugin/MenuInfoRegistryImpl/REIServerCompat of REIServerCompat [sophisticatedstorage]/"
[01:56:24] [main/TRACE] [REI] [REIServerPlugin START] Reloading Section: "reloadable-plugin/MenuInfoRegistryImpl/REIServerCompat of REIServerCompat [sophisticatedstorage]/" done in 26.54 μs
[01:56:24] [main/TRACE] [REI] [REIServerPlugin START] Reloading Section: "reloadable-plugin/MenuInfoRegistryImpl/REIServerCompat of REIServerCompat [sophisticatedcore]/"
[01:56:24] [main/TRACE] [REI] [REIServerPlugin START] Reloading Section: "reloadable-plugin/MenuInfoRegistryImpl/REIServerCompat of REIServerCompat [sophisticatedcore]/" done in 25.15 μs
[01:56:24] [main/TRACE] [REI] [REIServerPlugin START] Reloading Section: "reloadable-plugin/MenuInfoRegistryImpl/REIServerCompat of REIServerCompat [sophisticatedbackpacks]/"
[01:56:24] [main/TRACE] [REI] [REIServerPlugin START] Reloading Section: "reloadable-plugin/MenuInfoRegistryImpl/REIServerCompat of REIServerCompat [sophisticatedbackpacks]/" done in 31.48 μs
[01:56:24] [main/TRACE] [REI] [REIServerPlugin START] Reloading Section: "reloadable-plugin/MenuInfoRegistryImpl/DefaultRuntimePlugin of DefaultRuntimePlugin [roughlyenoughitems]/"
[01:56:24] [main/TRACE] [REI] [REIServerPlugin START] Reloading Section: "reloadable-plugin/MenuInfoRegistryImpl/DefaultRuntimePlugin of DefaultRuntimePlugin [roughlyenoughitems]/" done in 33.89 μs
[01:56:24] [main/TRACE] [REI] [REIServerPlugin START] Reloading Section: "reloadable-plugin/MenuInfoRegistryImpl/" done in 580.4 μs
[01:56:24] [main/TRACE] [REI] [REIServerPlugin START] Reloading Section: "reloadable-plugin/SlotAccessorRegistryImpl/"
[01:56:24] [main/TRACE] [REI] [REIServerPlugin START] Reloading Section: "reloadable-plugin/SlotAccessorRegistryImpl/DefaultPlugin of DefaultPlugin [roughlyenoughitems]/"
[01:56:24] [main/TRACE] [REI] [REIServerPlugin START] Reloading Section: "reloadable-plugin/SlotAccessorRegistryImpl/DefaultPlugin of DefaultPlugin [roughlyenoughitems]/" done in 38.40 μs
[01:56:24] [main/TRACE] [REI] [REIServerPlugin START] Reloading Section: "reloadable-plugin/SlotAccessorRegistryImpl/FabricFluidAPISupportPlugin/"
[01:56:24] [main/TRACE] [REI] [REIServerPlugin START] Reloading Section: "reloadable-plugin/SlotAccessorRegistryImpl/FabricFluidAPISupportPlugin/" done in 26.35 μs
[01:56:24] [main/TRACE] [REI] [REIServerPlugin START] Reloading Section: "reloadable-plugin/SlotAccessorRegistryImpl/REIServerCompat of REIServerCompat [sophisticatedstorage]/"
[01:56:24] [main/TRACE] [REI] [REIServerPlugin START] Reloading Section: "reloadable-plugin/SlotAccessorRegistryImpl/REIServerCompat of REIServerCompat [sophisticatedstorage]/" done in 26.79 μs
[01:56:24] [main/TRACE] [REI] [REIServerPlugin START] Reloading Section: "reloadable-plugin/SlotAccessorRegistryImpl/REIServerCompat of REIServerCompat [sophisticatedcore]/"
[01:56:24] [main/TRACE] [REI] [REIServerPlugin START] Reloading Section: "reloadable-plugin/SlotAccessorRegistryImpl/REIServerCompat of REIServerCompat [sophisticatedcore]/" done in 44.61 μs
[01:56:24] [main/TRACE] [REI] [REIServerPlugin START] Reloading Section: "reloadable-plugin/SlotAccessorRegistryImpl/REIServerCompat of REIServerCompat [sophisticatedbackpacks]/"
[01:56:24] [main/TRACE] [REI] [REIServerPlugin START] Reloading Section: "reloadable-plugin/SlotAccessorRegistryImpl/REIServerCompat of REIServerCompat [sophisticatedbackpacks]/" done in 34.99 μs
[01:56:24] [main/TRACE] [REI] [REIServerPlugin START] Reloading Section: "reloadable-plugin/SlotAccessorRegistryImpl/DefaultRuntimePlugin of DefaultRuntimePlugin [roughlyenoughitems]/"
[01:56:24] [main/TRACE] [REI] [REIServerPlugin START] Reloading Section: "reloadable-plugin/SlotAccessorRegistryImpl/DefaultRuntimePlugin of DefaultRuntimePlugin [roughlyenoughitems]/" done in 33.81 μs
[01:56:24] [main/TRACE] [REI] [REIServerPlugin START] Reloading Section: "reloadable-plugin/SlotAccessorRegistryImpl/" done in 608.0 μs
[01:56:24] [main/DEBUG] [REI] ========================================
[01:56:24] [main/DEBUG] [REI] REIServerPlugin ending main-reload for START.
[01:56:24] [main/DEBUG] [REI] ========================================
[01:56:24] [main/TRACE] [REI] [REIServerPlugin START] Reloading Section: "end-reload/"
[01:56:24] [main/TRACE] [REI] [REIServerPlugin START] Reloading Section: "end-reload/MenuInfoRegistryImpl/"
[01:56:24] [main/TRACE] [REI] [REIServerPlugin START] Reloading Section: "end-reload/MenuInfoRegistryImpl/" done in 31.18 μs
[01:56:24] [main/TRACE] [REI] [REIServerPlugin START] Reloading Section: "end-reload/SlotAccessorRegistryImpl/"
[01:56:24] [main/TRACE] [REI] [REIServerPlugin START] Reloading Section: "end-reload/SlotAccessorRegistryImpl/" done in 28.09 μs
[01:56:24] [main/TRACE] [REI] [REIServerPlugin START] Reloading Section: "end-reload/" done in 195.2 μs
[01:56:24] [main/DEBUG] [REI] ========================================
[01:56:24] [main/DEBUG] [REI] REIServerPlugin ended main-reload for START in 10.73 ms.
[01:56:24] [main/DEBUG] [REI] ========================================
[01:56:24] [main/DEBUG] [REI] ========================================
[01:56:24] [main/DEBUG] [REI] REIPlugin starting post-reload for START.
[01:56:24] [main/DEBUG] [REI] Reloadables (7):
[01:56:24] [main/DEBUG] [REI]  - EntryTypeRegistryImpl
[01:56:24] [main/DEBUG] [REI]  - EntrySettingsAdapterRegistryImpl
[01:56:24] [main/DEBUG] [REI]  - RecipeManagerContextImpl
[01:56:24] [main/DEBUG] [REI]  - ItemComparatorRegistryImpl
[01:56:24] [main/DEBUG] [REI]  - FluidComparatorRegistryImpl
[01:56:24] [main/DEBUG] [REI]  - DisplaySerializerRegistryImpl
[01:56:24] [main/DEBUG] [REI]  - FluidSupportProviderImpl
[01:56:24] [main/DEBUG] [REI] Plugins (6):
[01:56:24] [main/DEBUG] [REI]  - (-100.00) DefaultPlugin of DefaultPlugin [roughlyenoughitems]
[01:56:24] [main/DEBUG] [REI]  - (0.00) FabricFluidAPISupportPlugin
[01:56:24] [main/DEBUG] [REI]  - (0.00) REIServerCompat of REIServerCompat [sophisticatedstorage]
[01:56:24] [main/DEBUG] [REI]  - (0.00) REIServerCompat of REIServerCompat [sophisticatedcore]
[01:56:24] [main/DEBUG] [REI]  - (0.00) REIServerCompat of REIServerCompat [sophisticatedbackpacks]
[01:56:24] [main/DEBUG] [REI]  - (0.00) DefaultRuntimePlugin of DefaultRuntimePlugin [roughlyenoughitems]
[01:56:24] [main/DEBUG] [REI] ========================================
[01:56:24] [main/TRACE] [REI] [REIPlugin START] Reloading Section: "post-register/"
[01:56:24] [main/TRACE] [REI] [REIPlugin START] Reloading Section: "post-register/DefaultPlugin of DefaultPlugin [roughlyenoughitems]/"
[01:56:24] [main/TRACE] [REI] [REIPlugin START] Reloading Section: "post-register/DefaultPlugin of DefaultPlugin [roughlyenoughitems]/" done in 280.4 μs
[01:56:24] [main/TRACE] [REI] [REIPlugin START] Reloading Section: "post-register/FabricFluidAPISupportPlugin/"
[01:56:24] [main/TRACE] [REI] [REIPlugin START] Reloading Section: "post-register/FabricFluidAPISupportPlugin/" done in 175.1 μs
[01:56:24] [main/TRACE] [REI] [REIPlugin START] Reloading Section: "post-register/REIServerCompat of REIServerCompat [sophisticatedstorage]/"
[01:56:24] [main/TRACE] [REI] [REIPlugin START] Reloading Section: "post-register/REIServerCompat of REIServerCompat [sophisticatedstorage]/" done in 50.23 μs
[01:56:24] [main/TRACE] [REI] [REIPlugin START] Reloading Section: "post-register/REIServerCompat of REIServerCompat [sophisticatedcore]/"
[01:56:24] [main/TRACE] [REI] [REIPlugin START] Reloading Section: "post-register/REIServerCompat of REIServerCompat [sophisticatedcore]/" done in 46.88 μs
[01:56:24] [main/TRACE] [REI] [REIPlugin START] Reloading Section: "post-register/REIServerCompat of REIServerCompat [sophisticatedbackpacks]/"
[01:56:24] [main/TRACE] [REI] [REIPlugin START] Reloading Section: "post-register/REIServerCompat of REIServerCompat [sophisticatedbackpacks]/" done in 47.69 μs
[01:56:24] [main/TRACE] [REI] [REIPlugin START] Reloading Section: "post-register/DefaultRuntimePlugin of DefaultRuntimePlugin [roughlyenoughitems]/"
[01:56:24] [main/TRACE] [REI] [REIPlugin START] Reloading Section: "post-register/DefaultRuntimePlugin of DefaultRuntimePlugin [roughlyenoughitems]/" done in 46.77 μs
[01:56:24] [main/TRACE] [REI] [REIPlugin START] Reloading Section: "post-register/" done in 4.602 ms
[01:56:24] [main/TRACE] [REI] [REIPlugin START] Reloading Section: "post-stage/"
[01:56:24] [main/TRACE] [REI] [REIPlugin START] Reloading Section: "post-stage/EntryTypeRegistryImpl/"
[01:56:24] [main/TRACE] [REI] [REIPlugin START] Reloading Section: "post-stage/EntryTypeRegistryImpl/" done in 74.70 μs
[01:56:24] [main/TRACE] [REI] [REIPlugin START] Reloading Section: "post-stage/EntrySettingsAdapterRegistryImpl/"
[01:56:24] [main/TRACE] [REI] [REIPlugin START] Reloading Section: "post-stage/EntrySettingsAdapterRegistryImpl/" done in 149.6 μs
[01:56:24] [main/TRACE] [REI] [REIPlugin START] Reloading Section: "post-stage/RecipeManagerContextImpl/"
[01:56:24] [main/TRACE] [REI] [REIPlugin START] Reloading Section: "post-stage/RecipeManagerContextImpl/" done in 95.24 μs
[01:56:24] [main/TRACE] [REI] [REIPlugin START] Reloading Section: "post-stage/ItemComparatorRegistryImpl/"
[01:56:24] [main/TRACE] [REI] [REIPlugin START] Reloading Section: "post-stage/ItemComparatorRegistryImpl/" done in 124.8 μs
[01:56:24] [main/TRACE] [REI] [REIPlugin START] Reloading Section: "post-stage/FluidComparatorRegistryImpl/"
[01:56:24] [main/TRACE] [REI] [REIPlugin START] Reloading Section: "post-stage/FluidComparatorRegistryImpl/" done in 101.7 μs
[01:56:24] [main/TRACE] [REI] [REIPlugin START] Reloading Section: "post-stage/DisplaySerializerRegistryImpl/"
[01:56:24] [main/TRACE] [REI] [REIPlugin START] Reloading Section: "post-stage/DisplaySerializerRegistryImpl/" done in 131.6 μs
[01:56:24] [main/TRACE] [REI] [REIPlugin START] Reloading Section: "post-stage/FluidSupportProviderImpl/"
[01:56:24] [main/TRACE] [REI] [REIPlugin START] Reloading Section: "post-stage/FluidSupportProviderImpl/" done in 131.1 μs
[01:56:24] [main/TRACE] [REI] [REIPlugin START] Reloading Section: "post-stage/" done in 5.273 ms
[01:56:24] [main/DEBUG] [REI] ========================================
[01:56:24] [main/INFO] [REI] REIPlugin finished post-reload for START in 10.03 ms, totaling 91.67 ms.
[01:56:24] [main/DEBUG] [REI] ========================================
[01:56:24] [main/DEBUG] [REI] ========================================
[01:56:24] [main/DEBUG] [REI] REIServerPlugin starting post-reload for START.
[01:56:24] [main/DEBUG] [REI] Reloadables (2):
[01:56:24] [main/DEBUG] [REI]  - MenuInfoRegistryImpl
[01:56:24] [main/DEBUG] [REI]  - SlotAccessorRegistryImpl
[01:56:24] [main/DEBUG] [REI] Plugins (6):
[01:56:24] [main/DEBUG] [REI]  - (-100.00) DefaultPlugin of DefaultPlugin [roughlyenoughitems]
[01:56:24] [main/DEBUG] [REI]  - (0.00) FabricFluidAPISupportPlugin
[01:56:24] [main/DEBUG] [REI]  - (0.00) REIServerCompat of REIServerCompat [sophisticatedstorage]
[01:56:24] [main/DEBUG] [REI]  - (0.00) REIServerCompat of REIServerCompat [sophisticatedcore]
[01:56:24] [main/DEBUG] [REI]  - (0.00) REIServerCompat of REIServerCompat [sophisticatedbackpacks]
[01:56:24] [main/DEBUG] [REI]  - (0.00) DefaultRuntimePlugin of DefaultRuntimePlugin [roughlyenoughitems]
[01:56:24] [main/DEBUG] [REI] ========================================
[01:56:24] [main/TRACE] [REI] [REIServerPlugin START] Reloading Section: "post-register/"
[01:56:24] [main/TRACE] [REI] [REIServerPlugin START] Reloading Section: "post-register/DefaultPlugin of DefaultPlugin [roughlyenoughitems]/"
[01:56:24] [main/TRACE] [REI] [REIServerPlugin START] Reloading Section: "post-register/DefaultPlugin of DefaultPlugin [roughlyenoughitems]/" done in 28.72 μs
[01:56:24] [main/TRACE] [REI] [REIServerPlugin START] Reloading Section: "post-register/FabricFluidAPISupportPlugin/"
[01:56:24] [main/TRACE] [REI] [REIServerPlugin START] Reloading Section: "post-register/FabricFluidAPISupportPlugin/" done in 22.35 μs
[01:56:24] [main/TRACE] [REI] [REIServerPlugin START] Reloading Section: "post-register/REIServerCompat of REIServerCompat [sophisticatedstorage]/"
[01:56:24] [main/TRACE] [REI] [REIServerPlugin START] Reloading Section: "post-register/REIServerCompat of REIServerCompat [sophisticatedstorage]/" done in 34.87 μs
[01:56:24] [main/TRACE] [REI] [REIServerPlugin START] Reloading Section: "post-register/REIServerCompat of REIServerCompat [sophisticatedcore]/"
[01:56:24] [main/TRACE] [REI] [REIServerPlugin START] Reloading Section: "post-register/REIServerCompat of REIServerCompat [sophisticatedcore]/" done in 30.24 μs
[01:56:24] [main/TRACE] [REI] [REIServerPlugin START] Reloading Section: "post-register/REIServerCompat of REIServerCompat [sophisticatedbackpacks]/"
[01:56:24] [main/TRACE] [REI] [REIServerPlugin START] Reloading Section: "post-register/REIServerCompat of REIServerCompat [sophisticatedbackpacks]/" done in 26.96 μs
[01:56:24] [main/TRACE] [REI] [REIServerPlugin START] Reloading Section: "post-register/DefaultRuntimePlugin of DefaultRuntimePlugin [roughlyenoughitems]/"
[01:56:24] [main/TRACE] [REI] [REIServerPlugin START] Reloading Section: "post-register/DefaultRuntimePlugin of DefaultRuntimePlugin [roughlyenoughitems]/" done in 25.58 μs
[01:56:24] [main/TRACE] [REI] [REIServerPlugin START] Reloading Section: "post-register/" done in 552.8 μs
[01:56:24] [main/TRACE] [REI] [REIServerPlugin START] Reloading Section: "post-stage/"
[01:56:24] [main/TRACE] [REI] [REIServerPlugin START] Reloading Section: "post-stage/MenuInfoRegistryImpl/"
[01:56:24] [main/TRACE] [REI] [REIServerPlugin START] Reloading Section: "post-stage/MenuInfoRegistryImpl/" done in 21.00 μs
[01:56:24] [main/TRACE] [REI] [REIServerPlugin START] Reloading Section: "post-stage/SlotAccessorRegistryImpl/"
[01:56:24] [main/TRACE] [REI] [REIServerPlugin START] Reloading Section: "post-stage/SlotAccessorRegistryImpl/" done in 17.16 μs
[01:56:24] [main/TRACE] [REI] [REIServerPlugin START] Reloading Section: "post-stage/" done in 136.1 μs
[01:56:24] [main/DEBUG] [REI] ========================================
[01:56:24] [main/INFO] [REI] REIServerPlugin finished post-reload for START in 764.5 μs, totaling 14.72 ms.
[01:56:24] [main/DEBUG] [REI] ========================================
[01:56:24] [main/DEBUG] [REI] ========================================
[01:56:24] [main/DEBUG] [REI] REIPlugin starting pre-reload for END.
[01:56:24] [main/DEBUG] [REI] Reloadables (7):
[01:56:24] [main/DEBUG] [REI]  - EntryTypeRegistryImpl
[01:56:24] [main/DEBUG] [REI]  - EntrySettingsAdapterRegistryImpl
[01:56:24] [main/DEBUG] [REI]  - RecipeManagerContextImpl
[01:56:24] [main/DEBUG] [REI]  - ItemComparatorRegistryImpl
[01:56:24] [main/DEBUG] [REI]  - FluidComparatorRegistryImpl
[01:56:24] [main/DEBUG] [REI]  - DisplaySerializerRegistryImpl
[01:56:24] [main/DEBUG] [REI]  - FluidSupportProviderImpl
[01:56:24] [main/DEBUG] [REI] Plugins (6):
[01:56:24] [main/DEBUG] [REI]  - (-100.00) DefaultPlugin of DefaultPlugin [roughlyenoughitems]
[01:56:24] [main/DEBUG] [REI]  - (0.00) FabricFluidAPISupportPlugin
[01:56:24] [main/DEBUG] [REI]  - (0.00) REIServerCompat of REIServerCompat [sophisticatedstorage]
[01:56:24] [main/DEBUG] [REI]  - (0.00) REIServerCompat of REIServerCompat [sophisticatedcore]
[01:56:24] [main/DEBUG] [REI]  - (0.00) REIServerCompat of REIServerCompat [sophisticatedbackpacks]
[01:56:24] [main/DEBUG] [REI]  - (0.00) DefaultRuntimePlugin of DefaultRuntimePlugin [roughlyenoughitems]
[01:56:24] [main/DEBUG] [REI] ========================================
[01:56:24] [main/TRACE] [REI] [REIPlugin END] Reloading Section: "pre-register/"
[01:56:24] [main/TRACE] [REI] [REIPlugin END] Reloading Section: "pre-register/DefaultPlugin of DefaultPlugin [roughlyenoughitems]/"
[01:56:24] [main/TRACE] [REI] [REIPlugin END] Reloading Section: "pre-register/DefaultPlugin of DefaultPlugin [roughlyenoughitems]/" done in 286.0 μs
[01:56:24] [main/TRACE] [REI] [REIPlugin END] Reloading Section: "pre-register/FabricFluidAPISupportPlugin/"
[01:56:24] [main/TRACE] [REI] [REIPlugin END] Reloading Section: "pre-register/FabricFluidAPISupportPlugin/" done in 98.53 μs
[01:56:24] [main/TRACE] [REI] [REIPlugin END] Reloading Section: "pre-register/REIServerCompat of REIServerCompat [sophisticatedstorage]/"
[01:56:24] [main/TRACE] [REI] [REIPlugin END] Reloading Section: "pre-register/REIServerCompat of REIServerCompat [sophisticatedstorage]/" done in 684.9 μs
[01:56:24] [main/TRACE] [REI] [REIPlugin END] Reloading Section: "pre-register/REIServerCompat of REIServerCompat [sophisticatedcore]/"
[01:56:24] [main/TRACE] [REI] [REIPlugin END] Reloading Section: "pre-register/REIServerCompat of REIServerCompat [sophisticatedcore]/" done in 36.96 μs
[01:56:24] [main/TRACE] [REI] [REIPlugin END] Reloading Section: "pre-register/REIServerCompat of REIServerCompat [sophisticatedbackpacks]/"
[01:56:24] [main/TRACE] [REI] [REIPlugin END] Reloading Section: "pre-register/REIServerCompat of REIServerCompat [sophisticatedbackpacks]/" done in 171.3 μs
[01:56:24] [main/TRACE] [REI] [REIPlugin END] Reloading Section: "pre-register/DefaultRuntimePlugin of DefaultRuntimePlugin [roughlyenoughitems]/"
[01:56:24] [main/TRACE] [REI] [REIPlugin END] Reloading Section: "pre-register/DefaultRuntimePlugin of DefaultRuntimePlugin [roughlyenoughitems]/" done in 55.34 μs
[01:56:24] [main/TRACE] [REI] [REIPlugin END] Reloading Section: "pre-register/" done in 2.310 ms
[01:56:24] [main/TRACE] [REI] [REIPlugin END] Reloading Section: "pre-stage/"
[01:56:24] [main/TRACE] [REI] [REIPlugin END] Reloading Section: "pre-stage/EntryTypeRegistryImpl/"
[01:56:24] [main/TRACE] [REI] [REIPlugin END] Reloading Section: "pre-stage/EntryTypeRegistryImpl/" done in 1.492 ms
[01:56:24] [main/TRACE] [REI] [REIPlugin END] Reloading Section: "pre-stage/EntrySettingsAdapterRegistryImpl/"
[01:56:24] [main/TRACE] [REI] [REIPlugin END] Reloading Section: "pre-stage/EntrySettingsAdapterRegistryImpl/" done in 37.14 μs
[01:56:24] [main/TRACE] [REI] [REIPlugin END] Reloading Section: "pre-stage/RecipeManagerContextImpl/"
[01:56:24] [main/TRACE] [REI] [REIPlugin END] Reloading Section: "pre-stage/RecipeManagerContextImpl/" done in 33.59 μs
[01:56:24] [main/TRACE] [REI] [REIPlugin END] Reloading Section: "pre-stage/ItemComparatorRegistryImpl/"
[01:56:24] [main/TRACE] [REI] [REIPlugin END] Reloading Section: "pre-stage/ItemComparatorRegistryImpl/" done in 22.06 μs
[01:56:24] [main/TRACE] [REI] [REIPlugin END] Reloading Section: "pre-stage/FluidComparatorRegistryImpl/"
[01:56:24] [main/TRACE] [REI] [REIPlugin END] Reloading Section: "pre-stage/FluidComparatorRegistryImpl/" done in 17.66 μs
[01:56:24] [main/TRACE] [REI] [REIPlugin END] Reloading Section: "pre-stage/DisplaySerializerRegistryImpl/"
[01:56:24] [main/TRACE] [REI] [REIPlugin END] Reloading Section: "pre-stage/DisplaySerializerRegistryImpl/" done in 23.46 μs
[01:56:24] [main/TRACE] [REI] [REIPlugin END] Reloading Section: "pre-stage/FluidSupportProviderImpl/"
[01:56:24] [main/TRACE] [REI] [REIPlugin END] Reloading Section: "pre-stage/FluidSupportProviderImpl/" done in 23.64 μs
[01:56:24] [main/TRACE] [REI] [REIPlugin END] Reloading Section: "pre-stage/" done in 2.128 ms
[01:56:24] [main/DEBUG] [REI] ========================================
[01:56:24] [main/DEBUG] [REI] REIPlugin finished pre-reload for END in 4.613 ms.
[01:56:24] [main/DEBUG] [REI] ========================================
[01:56:24] [main/DEBUG] [REI] ========================================
[01:56:24] [main/DEBUG] [REI] REIServerPlugin starting pre-reload for END.
[01:56:24] [main/DEBUG] [REI] Reloadables (2):
[01:56:24] [main/DEBUG] [REI]  - MenuInfoRegistryImpl
[01:56:24] [main/DEBUG] [REI]  - SlotAccessorRegistryImpl
[01:56:24] [main/DEBUG] [REI] Plugins (6):
[01:56:24] [main/DEBUG] [REI]  - (-100.00) DefaultPlugin of DefaultPlugin [roughlyenoughitems]
[01:56:24] [main/DEBUG] [REI]  - (0.00) FabricFluidAPISupportPlugin
[01:56:24] [main/DEBUG] [REI]  - (0.00) REIServerCompat of REIServerCompat [sophisticatedstorage]
[01:56:24] [main/DEBUG] [REI]  - (0.00) REIServerCompat of REIServerCompat [sophisticatedcore]
[01:56:24] [main/DEBUG] [REI]  - (0.00) REIServerCompat of REIServerCompat [sophisticatedbackpacks]
[01:56:24] [main/DEBUG] [REI]  - (0.00) DefaultRuntimePlugin of DefaultRuntimePlugin [roughlyenoughitems]
[01:56:24] [main/DEBUG] [REI] ========================================
[01:56:24] [main/TRACE] [REI] [REIServerPlugin END] Reloading Section: "pre-register/"
[01:56:24] [main/TRACE] [REI] [REIServerPlugin END] Reloading Section: "pre-register/DefaultPlugin of DefaultPlugin [roughlyenoughitems]/"
[01:56:24] [main/TRACE] [REI] [REIServerPlugin END] Reloading Section: "pre-register/DefaultPlugin of DefaultPlugin [roughlyenoughitems]/" done in 22.10 μs
[01:56:24] [main/TRACE] [REI] [REIServerPlugin END] Reloading Section: "pre-register/FabricFluidAPISupportPlugin/"
[01:56:24] [main/TRACE] [REI] [REIServerPlugin END] Reloading Section: "pre-register/FabricFluidAPISupportPlugin/" done in 24.54 μs
[01:56:24] [main/TRACE] [REI] [REIServerPlugin END] Reloading Section: "pre-register/REIServerCompat of REIServerCompat [sophisticatedstorage]/"
[01:56:24] [main/TRACE] [REI] [REIServerPlugin END] Reloading Section: "pre-register/REIServerCompat of REIServerCompat [sophisticatedstorage]/" done in 19.18 μs
[01:56:24] [main/TRACE] [REI] [REIServerPlugin END] Reloading Section: "pre-register/REIServerCompat of REIServerCompat [sophisticatedcore]/"
[01:56:24] [main/TRACE] [REI] [REIServerPlugin END] Reloading Section: "pre-register/REIServerCompat of REIServerCompat [sophisticatedcore]/" done in 23.41 μs
[01:56:24] [main/TRACE] [REI] [REIServerPlugin END] Reloading Section: "pre-register/REIServerCompat of REIServerCompat [sophisticatedbackpacks]/"
[01:56:24] [main/TRACE] [REI] [REIServerPlugin END] Reloading Section: "pre-register/REIServerCompat of REIServerCompat [sophisticatedbackpacks]/" done in 22.45 μs
[01:56:24] [main/TRACE] [REI] [REIServerPlugin END] Reloading Section: "pre-register/DefaultRuntimePlugin of DefaultRuntimePlugin [roughlyenoughitems]/"
[01:56:24] [main/TRACE] [REI] [REIServerPlugin END] Reloading Section: "pre-register/DefaultRuntimePlugin of DefaultRuntimePlugin [roughlyenoughitems]/" done in 28.28 μs
[01:56:24] [main/TRACE] [REI] [REIServerPlugin END] Reloading Section: "pre-register/" done in 488.0 μs
[01:56:24] [main/TRACE] [REI] [REIServerPlugin END] Reloading Section: "pre-stage/"
[01:56:24] [main/TRACE] [REI] [REIServerPlugin END] Reloading Section: "pre-stage/MenuInfoRegistryImpl/"
[01:56:24] [main/TRACE] [REI] [REIServerPlugin END] Reloading Section: "pre-stage/MenuInfoRegistryImpl/" done in 21.15 μs
[01:56:24] [main/TRACE] [REI] [REIServerPlugin END] Reloading Section: "pre-stage/SlotAccessorRegistryImpl/"
[01:56:24] [main/TRACE] [REI] [REIServerPlugin END] Reloading Section: "pre-stage/SlotAccessorRegistryImpl/" done in 26.62 μs
[01:56:24] [main/TRACE] [REI] [REIServerPlugin END] Reloading Section: "pre-stage/" done in 164.8 μs
[01:56:24] [main/DEBUG] [REI] ========================================
[01:56:24] [main/DEBUG] [REI] REIServerPlugin finished pre-reload for END in 730.4 μs.
[01:56:24] [main/DEBUG] [REI] ========================================
[01:56:24] [main/INFO] [REI] ~~~~~~~~~~~~~~~~~~~~~~~~~~~~~~~~~~~~~~~~
[01:56:24] [main/INFO] [REI] REIPlugin starting main-reload for END.
[01:56:24] [main/DEBUG] [REI] Reloadables (7):
[01:56:24] [main/DEBUG] [REI]  - EntryTypeRegistryImpl
[01:56:24] [main/DEBUG] [REI]  - EntrySettingsAdapterRegistryImpl
[01:56:24] [main/DEBUG] [REI]  - RecipeManagerContextImpl
[01:56:24] [main/DEBUG] [REI]  - ItemComparatorRegistryImpl
[01:56:24] [main/DEBUG] [REI]  - FluidComparatorRegistryImpl
[01:56:24] [main/DEBUG] [REI]  - DisplaySerializerRegistryImpl
[01:56:24] [main/DEBUG] [REI]  - FluidSupportProviderImpl
[01:56:24] [main/INFO] [REI] Plugins (6):
[01:56:24] [main/INFO] [REI]  - (-100.00) DefaultPlugin of DefaultPlugin [roughlyenoughitems]
[01:56:24] [main/INFO] [REI]  - (0.00) FabricFluidAPISupportPlugin
[01:56:24] [main/INFO] [REI]  - (0.00) REIServerCompat of REIServerCompat [sophisticatedstorage]
[01:56:24] [main/INFO] [REI]  - (0.00) REIServerCompat of REIServerCompat [sophisticatedcore]
[01:56:24] [main/INFO] [REI]  - (0.00) REIServerCompat of REIServerCompat [sophisticatedbackpacks]
[01:56:24] [main/INFO] [REI]  - (0.00) DefaultRuntimePlugin of DefaultRuntimePlugin [roughlyenoughitems]
[01:56:24] [main/INFO] [REI] ~~~~~~~~~~~~~~~~~~~~~~~~~~~~~~~~~~~~~~~~
[01:56:24] [main/TRACE] [REI] [REIPlugin END] Reloading Section: "start-reload/"
[01:56:24] [main/TRACE] [REI] [REIPlugin END] Reloading Section: "start-reload/EntryTypeRegistryImpl/"
[01:56:24] [main/TRACE] [REI] [REIPlugin END] Reloading Section: "start-reload/EntryTypeRegistryImpl/" done in 274.9 μs
[01:56:24] [main/TRACE] [REI] [REIPlugin END] Reloading Section: "start-reload/EntrySettingsAdapterRegistryImpl/"
[01:56:24] [main/TRACE] [REI] [REIPlugin END] Reloading Section: "start-reload/EntrySettingsAdapterRegistryImpl/" done in 75.31 μs
[01:56:24] [main/TRACE] [REI] [REIPlugin END] Reloading Section: "start-reload/RecipeManagerContextImpl/"
[01:56:24] [main/TRACE] [REI] [REIPlugin END] Reloading Section: "start-reload/RecipeManagerContextImpl/" done in 55.37 μs
[01:56:24] [main/TRACE] [REI] [REIPlugin END] Reloading Section: "start-reload/ItemComparatorRegistryImpl/"
[01:56:24] [main/TRACE] [REI] [REIPlugin END] Reloading Section: "start-reload/ItemComparatorRegistryImpl/" done in 44.45 μs
[01:56:24] [main/TRACE] [REI] [REIPlugin END] Reloading Section: "start-reload/FluidComparatorRegistryImpl/"
[01:56:24] [main/TRACE] [REI] [REIPlugin END] Reloading Section: "start-reload/FluidComparatorRegistryImpl/" done in 44.74 μs
[01:56:24] [main/TRACE] [REI] [REIPlugin END] Reloading Section: "start-reload/DisplaySerializerRegistryImpl/"
[01:56:24] [main/TRACE] [REI] [REIPlugin END] Reloading Section: "start-reload/DisplaySerializerRegistryImpl/" done in 54.10 μs
[01:56:24] [main/TRACE] [REI] [REIPlugin END] Reloading Section: "start-reload/FluidSupportProviderImpl/"
[01:56:24] [main/TRACE] [REI] [REIPlugin END] Reloading Section: "start-reload/FluidSupportProviderImpl/" done in 41.44 μs
[01:56:24] [main/TRACE] [REI] [REIPlugin END] Reloading Section: "start-reload/" done in 3.617 ms
[01:56:24] [main/DEBUG] [REI] ========================================
[01:56:24] [main/DEBUG] [REI] REIPlugin started main-reload for END.
[01:56:24] [main/DEBUG] [REI] ========================================
[01:56:24] [main/TRACE] [REI] [REIPlugin END] Reloading Section: "reloadable-plugin/EntryTypeRegistryImpl/"
[01:56:24] [main/TRACE] [REI] [REIPlugin END] Reloading Section: "reloadable-plugin/EntryTypeRegistryImpl/DefaultPlugin of DefaultPlugin [roughlyenoughitems]/"
[01:56:24] [main/TRACE] [REI] [REIPlugin END] Reloading Section: "reloadable-plugin/EntryTypeRegistryImpl/DefaultPlugin of DefaultPlugin [roughlyenoughitems]/" done in 33.76 μs
[01:56:24] [main/TRACE] [REI] [REIPlugin END] Reloading Section: "reloadable-plugin/EntryTypeRegistryImpl/FabricFluidAPISupportPlugin/"
[01:56:24] [main/TRACE] [REI] [REIPlugin END] Reloading Section: "reloadable-plugin/EntryTypeRegistryImpl/FabricFluidAPISupportPlugin/" done in 27.01 μs
[01:56:24] [main/TRACE] [REI] [REIPlugin END] Reloading Section: "reloadable-plugin/EntryTypeRegistryImpl/REIServerCompat of REIServerCompat [sophisticatedstorage]/"
[01:56:24] [main/TRACE] [REI] [REIPlugin END] Reloading Section: "reloadable-plugin/EntryTypeRegistryImpl/REIServerCompat of REIServerCompat [sophisticatedstorage]/" done in 31.07 μs
[01:56:24] [main/TRACE] [REI] [REIPlugin END] Reloading Section: "reloadable-plugin/EntryTypeRegistryImpl/REIServerCompat of REIServerCompat [sophisticatedcore]/"
[01:56:24] [main/TRACE] [REI] [REIPlugin END] Reloading Section: "reloadable-plugin/EntryTypeRegistryImpl/REIServerCompat of REIServerCompat [sophisticatedcore]/" done in 30.17 μs
[01:56:24] [main/TRACE] [REI] [REIPlugin END] Reloading Section: "reloadable-plugin/EntryTypeRegistryImpl/REIServerCompat of REIServerCompat [sophisticatedbackpacks]/"
[01:56:24] [main/TRACE] [REI] [REIPlugin END] Reloading Section: "reloadable-plugin/EntryTypeRegistryImpl/REIServerCompat of REIServerCompat [sophisticatedbackpacks]/" done in 24.01 μs
[01:56:24] [main/TRACE] [REI] [REIPlugin END] Reloading Section: "reloadable-plugin/EntryTypeRegistryImpl/DefaultRuntimePlugin of DefaultRuntimePlugin [roughlyenoughitems]/"
[01:56:24] [main/TRACE] [REI] [REIPlugin END] Reloading Section: "reloadable-plugin/EntryTypeRegistryImpl/DefaultRuntimePlugin of DefaultRuntimePlugin [roughlyenoughitems]/" done in 25.51 μs
[01:56:24] [main/TRACE] [REI] [REIPlugin END] Reloading Section: "reloadable-plugin/EntryTypeRegistryImpl/" done in 555.8 μs
[01:56:24] [main/TRACE] [REI] [REIPlugin END] Reloading Section: "reloadable-plugin/EntrySettingsAdapterRegistryImpl/"
[01:56:24] [main/TRACE] [REI] [REIPlugin END] Reloading Section: "reloadable-plugin/EntrySettingsAdapterRegistryImpl/DefaultPlugin of DefaultPlugin [roughlyenoughitems]/"
[01:56:24] [main/TRACE] [REI] [REIPlugin END] Reloading Section: "reloadable-plugin/EntrySettingsAdapterRegistryImpl/DefaultPlugin of DefaultPlugin [roughlyenoughitems]/" done in 39.06 μs
[01:56:24] [main/TRACE] [REI] [REIPlugin END] Reloading Section: "reloadable-plugin/EntrySettingsAdapterRegistryImpl/FabricFluidAPISupportPlugin/"
[01:56:24] [main/TRACE] [REI] [REIPlugin END] Reloading Section: "reloadable-plugin/EntrySettingsAdapterRegistryImpl/FabricFluidAPISupportPlugin/" done in 32.06 μs
[01:56:24] [main/TRACE] [REI] [REIPlugin END] Reloading Section: "reloadable-plugin/EntrySettingsAdapterRegistryImpl/REIServerCompat of REIServerCompat [sophisticatedstorage]/"
[01:56:24] [main/TRACE] [REI] [REIPlugin END] Reloading Section: "reloadable-plugin/EntrySettingsAdapterRegistryImpl/REIServerCompat of REIServerCompat [sophisticatedstorage]/" done in 32.36 μs
[01:56:24] [main/TRACE] [REI] [REIPlugin END] Reloading Section: "reloadable-plugin/EntrySettingsAdapterRegistryImpl/REIServerCompat of REIServerCompat [sophisticatedcore]/"
[01:56:24] [main/TRACE] [REI] [REIPlugin END] Reloading Section: "reloadable-plugin/EntrySettingsAdapterRegistryImpl/REIServerCompat of REIServerCompat [sophisticatedcore]/" done in 27.75 μs
[01:56:24] [main/TRACE] [REI] [REIPlugin END] Reloading Section: "reloadable-plugin/EntrySettingsAdapterRegistryImpl/REIServerCompat of REIServerCompat [sophisticatedbackpacks]/"
[01:56:24] [main/TRACE] [REI] [REIPlugin END] Reloading Section: "reloadable-plugin/EntrySettingsAdapterRegistryImpl/REIServerCompat of REIServerCompat [sophisticatedbackpacks]/" done in 31.22 μs
[01:56:24] [main/TRACE] [REI] [REIPlugin END] Reloading Section: "reloadable-plugin/EntrySettingsAdapterRegistryImpl/DefaultRuntimePlugin of DefaultRuntimePlugin [roughlyenoughitems]/"
[01:56:24] [main/TRACE] [REI] [REIPlugin END] Reloading Section: "reloadable-plugin/EntrySettingsAdapterRegistryImpl/DefaultRuntimePlugin of DefaultRuntimePlugin [roughlyenoughitems]/" done in 29.73 μs
[01:56:24] [main/TRACE] [REI] [REIPlugin END] Reloading Section: "reloadable-plugin/EntrySettingsAdapterRegistryImpl/" done in 827.3 μs
[01:56:24] [main/TRACE] [REI] [REIPlugin END] Reloading Section: "reloadable-plugin/RecipeManagerContextImpl/"
[01:56:24] [main/TRACE] [REI] [REIPlugin END] Reloading Section: "reloadable-plugin/RecipeManagerContextImpl/DefaultPlugin of DefaultPlugin [roughlyenoughitems]/"
[01:56:24] [main/TRACE] [REI] [REIPlugin END] Reloading Section: "reloadable-plugin/RecipeManagerContextImpl/DefaultPlugin of DefaultPlugin [roughlyenoughitems]/" done in 185.3 μs
[01:56:24] [main/TRACE] [REI] [REIPlugin END] Reloading Section: "reloadable-plugin/RecipeManagerContextImpl/FabricFluidAPISupportPlugin/"
[01:56:24] [main/TRACE] [REI] [REIPlugin END] Reloading Section: "reloadable-plugin/RecipeManagerContextImpl/FabricFluidAPISupportPlugin/" done in 127.6 μs
[01:56:24] [main/TRACE] [REI] [REIPlugin END] Reloading Section: "reloadable-plugin/RecipeManagerContextImpl/REIServerCompat of REIServerCompat [sophisticatedstorage]/"
[01:56:24] [main/TRACE] [REI] [REIPlugin END] Reloading Section: "reloadable-plugin/RecipeManagerContextImpl/REIServerCompat of REIServerCompat [sophisticatedstorage]/" done in 1.620 ms
[01:56:24] [main/TRACE] [REI] [REIPlugin END] Reloading Section: "reloadable-plugin/RecipeManagerContextImpl/REIServerCompat of REIServerCompat [sophisticatedcore]/"
[01:56:24] [main/TRACE] [REI] [REIPlugin END] Reloading Section: "reloadable-plugin/RecipeManagerContextImpl/REIServerCompat of REIServerCompat [sophisticatedcore]/" done in 54.19 μs
[01:56:24] [main/TRACE] [REI] [REIPlugin END] Reloading Section: "reloadable-plugin/RecipeManagerContextImpl/REIServerCompat of REIServerCompat [sophisticatedbackpacks]/"
[01:56:24] [main/TRACE] [REI] [REIPlugin END] Reloading Section: "reloadable-plugin/RecipeManagerContextImpl/REIServerCompat of REIServerCompat [sophisticatedbackpacks]/" done in 50.25 μs
[01:56:24] [main/TRACE] [REI] [REIPlugin END] Reloading Section: "reloadable-plugin/RecipeManagerContextImpl/DefaultRuntimePlugin of DefaultRuntimePlugin [roughlyenoughitems]/"
[01:56:24] [main/TRACE] [REI] [REIPlugin END] Reloading Section: "reloadable-plugin/RecipeManagerContextImpl/DefaultRuntimePlugin of DefaultRuntimePlugin [roughlyenoughitems]/" done in 46.92 μs
[01:56:24] [main/TRACE] [REI] [REIPlugin END] Reloading Section: "reloadable-plugin/RecipeManagerContextImpl/" done in 3.037 ms
[01:56:24] [main/TRACE] [REI] [REIPlugin END] Reloading Section: "reloadable-plugin/ItemComparatorRegistryImpl/"
[01:56:24] [main/TRACE] [REI] [REIPlugin END] Reloading Section: "reloadable-plugin/ItemComparatorRegistryImpl/DefaultPlugin of DefaultPlugin [roughlyenoughitems]/"
[01:56:24] [main/TRACE] [REI] [REIPlugin END] Reloading Section: "reloadable-plugin/ItemComparatorRegistryImpl/DefaultPlugin of DefaultPlugin [roughlyenoughitems]/" done in 42.05 μs
[01:56:24] [main/TRACE] [REI] [REIPlugin END] Reloading Section: "reloadable-plugin/ItemComparatorRegistryImpl/FabricFluidAPISupportPlugin/"
[01:56:24] [main/TRACE] [REI] [REIPlugin END] Reloading Section: "reloadable-plugin/ItemComparatorRegistryImpl/FabricFluidAPISupportPlugin/" done in 41.63 μs
[01:56:24] [main/TRACE] [REI] [REIPlugin END] Reloading Section: "reloadable-plugin/ItemComparatorRegistryImpl/REIServerCompat of REIServerCompat [sophisticatedstorage]/"
[01:56:24] [main/TRACE] [REI] [REIPlugin END] Reloading Section: "reloadable-plugin/ItemComparatorRegistryImpl/REIServerCompat of REIServerCompat [sophisticatedstorage]/" done in 40.62 μs
[01:56:24] [main/TRACE] [REI] [REIPlugin END] Reloading Section: "reloadable-plugin/ItemComparatorRegistryImpl/REIServerCompat of REIServerCompat [sophisticatedcore]/"
[01:56:24] [main/TRACE] [REI] [REIPlugin END] Reloading Section: "reloadable-plugin/ItemComparatorRegistryImpl/REIServerCompat of REIServerCompat [sophisticatedcore]/" done in 36.79 μs
[01:56:24] [main/TRACE] [REI] [REIPlugin END] Reloading Section: "reloadable-plugin/ItemComparatorRegistryImpl/REIServerCompat of REIServerCompat [sophisticatedbackpacks]/"
[01:56:24] [main/TRACE] [REI] [REIPlugin END] Reloading Section: "reloadable-plugin/ItemComparatorRegistryImpl/REIServerCompat of REIServerCompat [sophisticatedbackpacks]/" done in 38.05 μs
[01:56:24] [main/TRACE] [REI] [REIPlugin END] Reloading Section: "reloadable-plugin/ItemComparatorRegistryImpl/DefaultRuntimePlugin of DefaultRuntimePlugin [roughlyenoughitems]/"
[01:56:24] [main/TRACE] [REI] [REIPlugin END] Reloading Section: "reloadable-plugin/ItemComparatorRegistryImpl/DefaultRuntimePlugin of DefaultRuntimePlugin [roughlyenoughitems]/" done in 95.94 μs
[01:56:24] [main/TRACE] [REI] [REIPlugin END] Reloading Section: "reloadable-plugin/ItemComparatorRegistryImpl/" done in 752.7 μs
[01:56:24] [main/TRACE] [REI] [REIPlugin END] Reloading Section: "reloadable-plugin/FluidComparatorRegistryImpl/"
[01:56:24] [main/TRACE] [REI] [REIPlugin END] Reloading Section: "reloadable-plugin/FluidComparatorRegistryImpl/DefaultPlugin of DefaultPlugin [roughlyenoughitems]/"
[01:56:24] [main/TRACE] [REI] [REIPlugin END] Reloading Section: "reloadable-plugin/FluidComparatorRegistryImpl/DefaultPlugin of DefaultPlugin [roughlyenoughitems]/" done in 37.62 μs
[01:56:24] [main/TRACE] [REI] [REIPlugin END] Reloading Section: "reloadable-plugin/FluidComparatorRegistryImpl/FabricFluidAPISupportPlugin/"
[01:56:24] [main/TRACE] [REI] [REIPlugin END] Reloading Section: "reloadable-plugin/FluidComparatorRegistryImpl/FabricFluidAPISupportPlugin/" done in 44.88 μs
[01:56:24] [main/TRACE] [REI] [REIPlugin END] Reloading Section: "reloadable-plugin/FluidComparatorRegistryImpl/REIServerCompat of REIServerCompat [sophisticatedstorage]/"
[01:56:24] [main/TRACE] [REI] [REIPlugin END] Reloading Section: "reloadable-plugin/FluidComparatorRegistryImpl/REIServerCompat of REIServerCompat [sophisticatedstorage]/" done in 190.7 μs
[01:56:24] [main/TRACE] [REI] [REIPlugin END] Reloading Section: "reloadable-plugin/FluidComparatorRegistryImpl/REIServerCompat of REIServerCompat [sophisticatedcore]/"
[01:56:24] [main/TRACE] [REI] [REIPlugin END] Reloading Section: "reloadable-plugin/FluidComparatorRegistryImpl/REIServerCompat of REIServerCompat [sophisticatedcore]/" done in 128.6 μs
[01:56:24] [main/TRACE] [REI] [REIPlugin END] Reloading Section: "reloadable-plugin/FluidComparatorRegistryImpl/REIServerCompat of REIServerCompat [sophisticatedbackpacks]/"
[01:56:24] [main/TRACE] [REI] [REIPlugin END] Reloading Section: "reloadable-plugin/FluidComparatorRegistryImpl/REIServerCompat of REIServerCompat [sophisticatedbackpacks]/" done in 159.8 μs
[01:56:24] [main/TRACE] [REI] [REIPlugin END] Reloading Section: "reloadable-plugin/FluidComparatorRegistryImpl/DefaultRuntimePlugin of DefaultRuntimePlugin [roughlyenoughitems]/"
[01:56:24] [main/TRACE] [REI] [REIPlugin END] Reloading Section: "reloadable-plugin/FluidComparatorRegistryImpl/DefaultRuntimePlugin of DefaultRuntimePlugin [roughlyenoughitems]/" done in 63.79 μs
[01:56:24] [main/TRACE] [REI] [REIPlugin END] Reloading Section: "reloadable-plugin/FluidComparatorRegistryImpl/" done in 3.064 ms
[01:56:24] [main/TRACE] [REI] [REIPlugin END] Reloading Section: "reloadable-plugin/DisplaySerializerRegistryImpl/"
[01:56:24] [main/TRACE] [REI] [REIPlugin END] Reloading Section: "reloadable-plugin/DisplaySerializerRegistryImpl/DefaultPlugin of DefaultPlugin [roughlyenoughitems]/"
[01:56:24] [main/TRACE] [REI] [REIPlugin END] Reloading Section: "reloadable-plugin/DisplaySerializerRegistryImpl/DefaultPlugin of DefaultPlugin [roughlyenoughitems]/" done in 51.57 ms
[01:56:24] [main/TRACE] [REI] [REIPlugin END] Reloading Section: "reloadable-plugin/DisplaySerializerRegistryImpl/FabricFluidAPISupportPlugin/"
[01:56:24] [main/TRACE] [REI] [REIPlugin END] Reloading Section: "reloadable-plugin/DisplaySerializerRegistryImpl/FabricFluidAPISupportPlugin/" done in 86.68 μs
[01:56:24] [main/TRACE] [REI] [REIPlugin END] Reloading Section: "reloadable-plugin/DisplaySerializerRegistryImpl/REIServerCompat of REIServerCompat [sophisticatedstorage]/"
[01:56:24] [main/TRACE] [REI] [REIPlugin END] Reloading Section: "reloadable-plugin/DisplaySerializerRegistryImpl/REIServerCompat of REIServerCompat [sophisticatedstorage]/" done in 41.96 μs
[01:56:24] [main/TRACE] [REI] [REIPlugin END] Reloading Section: "reloadable-plugin/DisplaySerializerRegistryImpl/REIServerCompat of REIServerCompat [sophisticatedcore]/"
[01:56:24] [main/TRACE] [REI] [REIPlugin END] Reloading Section: "reloadable-plugin/DisplaySerializerRegistryImpl/REIServerCompat of REIServerCompat [sophisticatedcore]/" done in 119.5 μs
[01:56:24] [main/TRACE] [REI] [REIPlugin END] Reloading Section: "reloadable-plugin/DisplaySerializerRegistryImpl/REIServerCompat of REIServerCompat [sophisticatedbackpacks]/"
[01:56:24] [main/TRACE] [REI] [REIPlugin END] Reloading Section: "reloadable-plugin/DisplaySerializerRegistryImpl/REIServerCompat of REIServerCompat [sophisticatedbackpacks]/" done in 72.42 μs
[01:56:24] [main/TRACE] [REI] [REIPlugin END] Reloading Section: "reloadable-plugin/DisplaySerializerRegistryImpl/DefaultRuntimePlugin of DefaultRuntimePlugin [roughlyenoughitems]/"
[01:56:24] [main/TRACE] [REI] [REIPlugin END] Reloading Section: "reloadable-plugin/DisplaySerializerRegistryImpl/DefaultRuntimePlugin of DefaultRuntimePlugin [roughlyenoughitems]/" done in 53.85 μs
[01:56:24] [main/TRACE] [REI] [REIPlugin END] Reloading Section: "reloadable-plugin/DisplaySerializerRegistryImpl/" done in 55.81 ms
[01:56:24] [main/TRACE] [REI] [REIPlugin END] Reloading Section: "reloadable-plugin/FluidSupportProviderImpl/"
[01:56:24] [main/TRACE] [REI] [REIPlugin END] Reloading Section: "reloadable-plugin/FluidSupportProviderImpl/DefaultPlugin of DefaultPlugin [roughlyenoughitems]/"
[01:56:24] [main/TRACE] [REI] [REIPlugin END] Reloading Section: "reloadable-plugin/FluidSupportProviderImpl/DefaultPlugin of DefaultPlugin [roughlyenoughitems]/" done in 34.89 μs
[01:56:24] [main/TRACE] [REI] [REIPlugin END] Reloading Section: "reloadable-plugin/FluidSupportProviderImpl/FabricFluidAPISupportPlugin/"
[01:56:24] [main/TRACE] [REI] [REIPlugin END] Reloading Section: "reloadable-plugin/FluidSupportProviderImpl/FabricFluidAPISupportPlugin/" done in 31.58 μs
[01:56:24] [main/TRACE] [REI] [REIPlugin END] Reloading Section: "reloadable-plugin/FluidSupportProviderImpl/REIServerCompat of REIServerCompat [sophisticatedstorage]/"
[01:56:24] [main/TRACE] [REI] [REIPlugin END] Reloading Section: "reloadable-plugin/FluidSupportProviderImpl/REIServerCompat of REIServerCompat [sophisticatedstorage]/" done in 24.60 μs
[01:56:24] [main/TRACE] [REI] [REIPlugin END] Reloading Section: "reloadable-plugin/FluidSupportProviderImpl/REIServerCompat of REIServerCompat [sophisticatedcore]/"
[01:56:24] [main/TRACE] [REI] [REIPlugin END] Reloading Section: "reloadable-plugin/FluidSupportProviderImpl/REIServerCompat of REIServerCompat [sophisticatedcore]/" done in 39.62 μs
[01:56:24] [main/TRACE] [REI] [REIPlugin END] Reloading Section: "reloadable-plugin/FluidSupportProviderImpl/REIServerCompat of REIServerCompat [sophisticatedbackpacks]/"
[01:56:24] [main/TRACE] [REI] [REIPlugin END] Reloading Section: "reloadable-plugin/FluidSupportProviderImpl/REIServerCompat of REIServerCompat [sophisticatedbackpacks]/" done in 38.39 μs
[01:56:24] [main/TRACE] [REI] [REIPlugin END] Reloading Section: "reloadable-plugin/FluidSupportProviderImpl/DefaultRuntimePlugin of DefaultRuntimePlugin [roughlyenoughitems]/"
[01:56:24] [main/TRACE] [REI] [REIPlugin END] Reloading Section: "reloadable-plugin/FluidSupportProviderImpl/DefaultRuntimePlugin of DefaultRuntimePlugin [roughlyenoughitems]/" done in 24.45 μs
[01:56:24] [main/TRACE] [REI] [REIPlugin END] Reloading Section: "reloadable-plugin/FluidSupportProviderImpl/" done in 569.6 μs
[01:56:24] [main/DEBUG] [REI] ========================================
[01:56:24] [main/DEBUG] [REI] REIPlugin ending main-reload for END.
[01:56:24] [main/DEBUG] [REI] ========================================
[01:56:24] [main/TRACE] [REI] [REIPlugin END] Reloading Section: "end-reload/"
[01:56:24] [main/TRACE] [REI] [REIPlugin END] Reloading Section: "end-reload/EntryTypeRegistryImpl/"
[01:56:24] [main/TRACE] [REI] [REIPlugin END] Reloading Section: "end-reload/EntryTypeRegistryImpl/" done in 17.36 μs
[01:56:24] [main/TRACE] [REI] [REIPlugin END] Reloading Section: "end-reload/EntrySettingsAdapterRegistryImpl/"
[01:56:24] [main/TRACE] [REI] [REIPlugin END] Reloading Section: "end-reload/EntrySettingsAdapterRegistryImpl/" done in 18.18 μs
[01:56:24] [main/TRACE] [REI] [REIPlugin END] Reloading Section: "end-reload/RecipeManagerContextImpl/"
[01:56:24] [main/TRACE] [REI] [REIPlugin END] Reloading Section: "end-reload/RecipeManagerContextImpl/" done in 24.99 μs
[01:56:24] [main/TRACE] [REI] [REIPlugin END] Reloading Section: "end-reload/ItemComparatorRegistryImpl/"
[01:56:24] [main/TRACE] [REI] [REIPlugin END] Reloading Section: "end-reload/ItemComparatorRegistryImpl/" done in 23.74 μs
[01:56:24] [main/TRACE] [REI] [REIPlugin END] Reloading Section: "end-reload/FluidComparatorRegistryImpl/"
[01:56:24] [main/TRACE] [REI] [REIPlugin END] Reloading Section: "end-reload/FluidComparatorRegistryImpl/" done in 22.07 μs
[01:56:24] [main/TRACE] [REI] [REIPlugin END] Reloading Section: "end-reload/DisplaySerializerRegistryImpl/"
[01:56:24] [main/TRACE] [REI] [REIPlugin END] Reloading Section: "end-reload/DisplaySerializerRegistryImpl/" done in 20.60 μs
[01:56:24] [main/TRACE] [REI] [REIPlugin END] Reloading Section: "end-reload/FluidSupportProviderImpl/"
[01:56:24] [main/TRACE] [REI] [REIPlugin END] Reloading Section: "end-reload/FluidSupportProviderImpl/" done in 75.50 μs
[01:56:24] [main/TRACE] [REI] [REIPlugin END] Reloading Section: "end-reload/" done in 548.0 μs
[01:56:24] [main/DEBUG] [REI] ========================================
[01:56:24] [main/DEBUG] [REI] REIPlugin ended main-reload for END in 74.97 ms.
[01:56:24] [main/DEBUG] [REI] ========================================
[01:56:24] [main/INFO] [REI] ----------------------------------------
[01:56:24] [main/INFO] [REI] REIServerPlugin starting main-reload for END.
[01:56:24] [main/DEBUG] [REI] Reloadables (2):
[01:56:24] [main/DEBUG] [REI]  - MenuInfoRegistryImpl
[01:56:24] [main/DEBUG] [REI]  - SlotAccessorRegistryImpl
[01:56:24] [main/INFO] [REI] Plugins (6):
[01:56:24] [main/INFO] [REI]  - (-100.00) DefaultPlugin of DefaultPlugin [roughlyenoughitems]
[01:56:24] [main/INFO] [REI]  - (0.00) FabricFluidAPISupportPlugin
[01:56:24] [main/INFO] [REI]  - (0.00) REIServerCompat of REIServerCompat [sophisticatedstorage]
[01:56:24] [main/INFO] [REI]  - (0.00) REIServerCompat of REIServerCompat [sophisticatedcore]
[01:56:24] [main/INFO] [REI]  - (0.00) REIServerCompat of REIServerCompat [sophisticatedbackpacks]
[01:56:24] [main/INFO] [REI]  - (0.00) DefaultRuntimePlugin of DefaultRuntimePlugin [roughlyenoughitems]
[01:56:24] [main/INFO] [REI] ----------------------------------------
[01:56:24] [main/TRACE] [REI] [REIServerPlugin END] Reloading Section: "start-reload/"
[01:56:24] [main/TRACE] [REI] [REIServerPlugin END] Reloading Section: "start-reload/MenuInfoRegistryImpl/"
[01:56:24] [main/TRACE] [REI] [REIServerPlugin END] Reloading Section: "start-reload/MenuInfoRegistryImpl/" done in 65.06 μs
[01:56:24] [main/TRACE] [REI] [REIServerPlugin END] Reloading Section: "start-reload/SlotAccessorRegistryImpl/"
[01:56:24] [main/TRACE] [REI] [REIServerPlugin END] Reloading Section: "start-reload/SlotAccessorRegistryImpl/" done in 57.74 μs
[01:56:24] [main/TRACE] [REI] [REIServerPlugin END] Reloading Section: "start-reload/" done in 805.6 μs
[01:56:24] [main/DEBUG] [REI] ========================================
[01:56:24] [main/DEBUG] [REI] REIServerPlugin started main-reload for END.
[01:56:24] [main/DEBUG] [REI] ========================================
[01:56:24] [main/TRACE] [REI] [REIServerPlugin END] Reloading Section: "reloadable-plugin/MenuInfoRegistryImpl/"
[01:56:24] [main/TRACE] [REI] [REIServerPlugin END] Reloading Section: "reloadable-plugin/MenuInfoRegistryImpl/DefaultPlugin of DefaultPlugin [roughlyenoughitems]/"
[01:56:24] [main/TRACE] [REI] [REIServerPlugin END] Reloading Section: "reloadable-plugin/MenuInfoRegistryImpl/DefaultPlugin of DefaultPlugin [roughlyenoughitems]/" done in 67.76 μs
[01:56:24] [main/TRACE] [REI] [REIServerPlugin END] Reloading Section: "reloadable-plugin/MenuInfoRegistryImpl/FabricFluidAPISupportPlugin/"
[01:56:24] [main/TRACE] [REI] [REIServerPlugin END] Reloading Section: "reloadable-plugin/MenuInfoRegistryImpl/FabricFluidAPISupportPlugin/" done in 48.85 μs
[01:56:24] [main/TRACE] [REI] [REIServerPlugin END] Reloading Section: "reloadable-plugin/MenuInfoRegistryImpl/REIServerCompat of REIServerCompat [sophisticatedstorage]/"
[01:56:24] [main/TRACE] [REI] [REIServerPlugin END] Reloading Section: "reloadable-plugin/MenuInfoRegistryImpl/REIServerCompat of REIServerCompat [sophisticatedstorage]/" done in 69.68 μs
[01:56:24] [main/TRACE] [REI] [REIServerPlugin END] Reloading Section: "reloadable-plugin/MenuInfoRegistryImpl/REIServerCompat of REIServerCompat [sophisticatedcore]/"
[01:56:24] [main/TRACE] [REI] [REIServerPlugin END] Reloading Section: "reloadable-plugin/MenuInfoRegistryImpl/REIServerCompat of REIServerCompat [sophisticatedcore]/" done in 121.7 μs
[01:56:24] [main/TRACE] [REI] [REIServerPlugin END] Reloading Section: "reloadable-plugin/MenuInfoRegistryImpl/REIServerCompat of REIServerCompat [sophisticatedbackpacks]/"
[01:56:24] [main/TRACE] [REI] [REIServerPlugin END] Reloading Section: "reloadable-plugin/MenuInfoRegistryImpl/REIServerCompat of REIServerCompat [sophisticatedbackpacks]/" done in 129.6 μs
[01:56:24] [main/TRACE] [REI] [REIServerPlugin END] Reloading Section: "reloadable-plugin/MenuInfoRegistryImpl/DefaultRuntimePlugin of DefaultRuntimePlugin [roughlyenoughitems]/"
[01:56:24] [main/TRACE] [REI] [REIServerPlugin END] Reloading Section: "reloadable-plugin/MenuInfoRegistryImpl/DefaultRuntimePlugin of DefaultRuntimePlugin [roughlyenoughitems]/" done in 72.97 μs
[01:56:24] [main/TRACE] [REI] [REIServerPlugin END] Reloading Section: "reloadable-plugin/MenuInfoRegistryImpl/" done in 3.965 ms
[01:56:24] [main/TRACE] [REI] [REIServerPlugin END] Reloading Section: "reloadable-plugin/SlotAccessorRegistryImpl/"
[01:56:24] [main/TRACE] [REI] [REIServerPlugin END] Reloading Section: "reloadable-plugin/SlotAccessorRegistryImpl/DefaultPlugin of DefaultPlugin [roughlyenoughitems]/"
[01:56:24] [main/TRACE] [REI] [REIServerPlugin END] Reloading Section: "reloadable-plugin/SlotAccessorRegistryImpl/DefaultPlugin of DefaultPlugin [roughlyenoughitems]/" done in 39.03 μs
[01:56:24] [main/TRACE] [REI] [REIServerPlugin END] Reloading Section: "reloadable-plugin/SlotAccessorRegistryImpl/FabricFluidAPISupportPlugin/"
[01:56:24] [main/TRACE] [REI] [REIServerPlugin END] Reloading Section: "reloadable-plugin/SlotAccessorRegistryImpl/FabricFluidAPISupportPlugin/" done in 25.44 μs
[01:56:24] [main/TRACE] [REI] [REIServerPlugin END] Reloading Section: "reloadable-plugin/SlotAccessorRegistryImpl/REIServerCompat of REIServerCompat [sophisticatedstorage]/"
[01:56:24] [main/TRACE] [REI] [REIServerPlugin END] Reloading Section: "reloadable-plugin/SlotAccessorRegistryImpl/REIServerCompat of REIServerCompat [sophisticatedstorage]/" done in 23.95 μs
[01:56:24] [main/TRACE] [REI] [REIServerPlugin END] Reloading Section: "reloadable-plugin/SlotAccessorRegistryImpl/REIServerCompat of REIServerCompat [sophisticatedcore]/"
[01:56:24] [main/DEBUG] [REI] Added slot accessor serializer: net.p3pp3rf1y.sophisticatedcore.compat.rei.REIServerCompat$1@6752b340 [sophisticatedcore:storage]
[01:56:24] [main/TRACE] [REI] [REIServerPlugin END] Reloading Section: "reloadable-plugin/SlotAccessorRegistryImpl/REIServerCompat of REIServerCompat [sophisticatedcore]/" done in 3.497 ms
[01:56:24] [main/TRACE] [REI] [REIServerPlugin END] Reloading Section: "reloadable-plugin/SlotAccessorRegistryImpl/REIServerCompat of REIServerCompat [sophisticatedbackpacks]/"
[01:56:24] [main/TRACE] [REI] [REIServerPlugin END] Reloading Section: "reloadable-plugin/SlotAccessorRegistryImpl/REIServerCompat of REIServerCompat [sophisticatedbackpacks]/" done in 53.79 μs
[01:56:24] [main/TRACE] [REI] [REIServerPlugin END] Reloading Section: "reloadable-plugin/SlotAccessorRegistryImpl/DefaultRuntimePlugin of DefaultRuntimePlugin [roughlyenoughitems]/"
[01:56:24] [main/DEBUG] [REI] Added slot accessor serializer: me.shedaniel.rei.plugin.common.runtime.DefaultRuntimePlugin$1@4d13bca6 [roughlyenoughitems:vanilla]
[01:56:24] [main/DEBUG] [REI] Added slot accessor serializer: me.shedaniel.rei.plugin.common.runtime.DefaultRuntimePlugin$2@69f84cf8 [roughlyenoughitems:player]
[01:56:24] [main/TRACE] [REI] [REIServerPlugin END] Reloading Section: "reloadable-plugin/SlotAccessorRegistryImpl/DefaultRuntimePlugin of DefaultRuntimePlugin [roughlyenoughitems]/" done in 3.765 ms
[01:56:24] [main/TRACE] [REI] [REIServerPlugin END] Reloading Section: "reloadable-plugin/SlotAccessorRegistryImpl/" done in 7.845 ms
[01:56:24] [main/DEBUG] [REI] ========================================
[01:56:24] [main/DEBUG] [REI] REIServerPlugin ending main-reload for END.
[01:56:24] [main/DEBUG] [REI] ========================================
[01:56:24] [main/TRACE] [REI] [REIServerPlugin END] Reloading Section: "end-reload/"
[01:56:24] [main/TRACE] [REI] [REIServerPlugin END] Reloading Section: "end-reload/MenuInfoRegistryImpl/"
[01:56:24] [main/DEBUG] [REI] Registered 0 menu infos
[01:56:24] [main/TRACE] [REI] [REIServerPlugin END] Reloading Section: "end-reload/MenuInfoRegistryImpl/" done in 95.81 μs
[01:56:24] [main/TRACE] [REI] [REIServerPlugin END] Reloading Section: "end-reload/SlotAccessorRegistryImpl/"
[01:56:24] [main/DEBUG] [REI] Registered 3 slot accessor serializers
[01:56:24] [main/TRACE] [REI] [REIServerPlugin END] Reloading Section: "end-reload/SlotAccessorRegistryImpl/" done in 46.99 μs
[01:56:24] [main/TRACE] [REI] [REIServerPlugin END] Reloading Section: "end-reload/" done in 321.0 μs
[01:56:24] [main/DEBUG] [REI] ========================================
[01:56:24] [main/DEBUG] [REI] REIServerPlugin ended main-reload for END in 17.86 ms.
[01:56:24] [main/DEBUG] [REI] ========================================
[01:56:24] [main/DEBUG] [REI] ========================================
[01:56:24] [main/DEBUG] [REI] REIPlugin starting post-reload for END.
[01:56:24] [main/DEBUG] [REI] Reloadables (7):
[01:56:24] [main/DEBUG] [REI]  - EntryTypeRegistryImpl
[01:56:24] [main/DEBUG] [REI]  - EntrySettingsAdapterRegistryImpl
[01:56:24] [main/DEBUG] [REI]  - RecipeManagerContextImpl
[01:56:24] [main/DEBUG] [REI]  - ItemComparatorRegistryImpl
[01:56:24] [main/DEBUG] [REI]  - FluidComparatorRegistryImpl
[01:56:24] [main/DEBUG] [REI]  - DisplaySerializerRegistryImpl
[01:56:24] [main/DEBUG] [REI]  - FluidSupportProviderImpl
[01:56:24] [main/DEBUG] [REI] Plugins (6):
[01:56:24] [main/DEBUG] [REI]  - (-100.00) DefaultPlugin of DefaultPlugin [roughlyenoughitems]
[01:56:24] [main/DEBUG] [REI]  - (0.00) FabricFluidAPISupportPlugin
[01:56:24] [main/DEBUG] [REI]  - (0.00) REIServerCompat of REIServerCompat [sophisticatedstorage]
[01:56:24] [main/DEBUG] [REI]  - (0.00) REIServerCompat of REIServerCompat [sophisticatedcore]
[01:56:24] [main/DEBUG] [REI]  - (0.00) REIServerCompat of REIServerCompat [sophisticatedbackpacks]
[01:56:24] [main/DEBUG] [REI]  - (0.00) DefaultRuntimePlugin of DefaultRuntimePlugin [roughlyenoughitems]
[01:56:24] [main/DEBUG] [REI] ========================================
[01:56:24] [main/TRACE] [REI] [REIPlugin END] Reloading Section: "post-register/"
[01:56:24] [main/TRACE] [REI] [REIPlugin END] Reloading Section: "post-register/DefaultPlugin of DefaultPlugin [roughlyenoughitems]/"
[01:56:24] [main/TRACE] [REI] [REIPlugin END] Reloading Section: "post-register/DefaultPlugin of DefaultPlugin [roughlyenoughitems]/" done in 21.74 μs
[01:56:24] [main/TRACE] [REI] [REIPlugin END] Reloading Section: "post-register/FabricFluidAPISupportPlugin/"
[01:56:24] [main/TRACE] [REI] [REIPlugin END] Reloading Section: "post-register/FabricFluidAPISupportPlugin/" done in 23.13 μs
[01:56:24] [main/TRACE] [REI] [REIPlugin END] Reloading Section: "post-register/REIServerCompat of REIServerCompat [sophisticatedstorage]/"
[01:56:24] [main/TRACE] [REI] [REIPlugin END] Reloading Section: "post-register/REIServerCompat of REIServerCompat [sophisticatedstorage]/" done in 20.36 μs
[01:56:24] [main/TRACE] [REI] [REIPlugin END] Reloading Section: "post-register/REIServerCompat of REIServerCompat [sophisticatedcore]/"
[01:56:24] [main/TRACE] [REI] [REIPlugin END] Reloading Section: "post-register/REIServerCompat of REIServerCompat [sophisticatedcore]/" done in 16.64 μs
[01:56:24] [main/TRACE] [REI] [REIPlugin END] Reloading Section: "post-register/REIServerCompat of REIServerCompat [sophisticatedbackpacks]/"
[01:56:24] [main/TRACE] [REI] [REIPlugin END] Reloading Section: "post-register/REIServerCompat of REIServerCompat [sophisticatedbackpacks]/" done in 25.89 μs
[01:56:24] [main/TRACE] [REI] [REIPlugin END] Reloading Section: "post-register/DefaultRuntimePlugin of DefaultRuntimePlugin [roughlyenoughitems]/"
[01:56:24] [main/TRACE] [REI] [REIPlugin END] Reloading Section: "post-register/DefaultRuntimePlugin of DefaultRuntimePlugin [roughlyenoughitems]/" done in 20.57 μs
[01:56:24] [main/TRACE] [REI] [REIPlugin END] Reloading Section: "post-register/" done in 377.8 μs
[01:56:24] [main/TRACE] [REI] [REIPlugin END] Reloading Section: "post-stage/"
[01:56:24] [main/TRACE] [REI] [REIPlugin END] Reloading Section: "post-stage/EntryTypeRegistryImpl/"
[01:56:24] [main/TRACE] [REI] [REIPlugin END] Reloading Section: "post-stage/EntryTypeRegistryImpl/" done in 18.10 μs
[01:56:24] [main/TRACE] [REI] [REIPlugin END] Reloading Section: "post-stage/EntrySettingsAdapterRegistryImpl/"
[01:56:24] [main/TRACE] [REI] [REIPlugin END] Reloading Section: "post-stage/EntrySettingsAdapterRegistryImpl/" done in 17.41 μs
[01:56:24] [main/TRACE] [REI] [REIPlugin END] Reloading Section: "post-stage/RecipeManagerContextImpl/"
[01:56:24] [main/TRACE] [REI] [REIPlugin END] Reloading Section: "post-stage/RecipeManagerContextImpl/" done in 23.35 μs
[01:56:24] [main/TRACE] [REI] [REIPlugin END] Reloading Section: "post-stage/ItemComparatorRegistryImpl/"
[01:56:24] [main/TRACE] [REI] [REIPlugin END] Reloading Section: "post-stage/ItemComparatorRegistryImpl/" done in 31.25 μs
[01:56:24] [main/TRACE] [REI] [REIPlugin END] Reloading Section: "post-stage/FluidComparatorRegistryImpl/"
[01:56:24] [main/TRACE] [REI] [REIPlugin END] Reloading Section: "post-stage/FluidComparatorRegistryImpl/" done in 23.83 μs
[01:56:24] [main/TRACE] [REI] [REIPlugin END] Reloading Section: "post-stage/DisplaySerializerRegistryImpl/"
[01:56:24] [main/TRACE] [REI] [REIPlugin END] Reloading Section: "post-stage/DisplaySerializerRegistryImpl/" done in 23.56 μs
[01:56:24] [main/TRACE] [REI] [REIPlugin END] Reloading Section: "post-stage/FluidSupportProviderImpl/"
[01:56:24] [main/TRACE] [REI] [REIPlugin END] Reloading Section: "post-stage/FluidSupportProviderImpl/" done in 60.96 μs
[01:56:24] [main/TRACE] [REI] [REIPlugin END] Reloading Section: "post-stage/" done in 1.768 ms
[01:56:24] [main/DEBUG] [REI] ========================================
[01:56:24] [main/INFO] [REI] REIPlugin finished post-reload for END in 2.231 ms, totaling 81.80 ms.
[01:56:24] [main/DEBUG] [REI] ========================================
[01:56:24] [main/DEBUG] [REI] ========================================
[01:56:24] [main/DEBUG] [REI] REIServerPlugin starting post-reload for END.
[01:56:24] [main/DEBUG] [REI] Reloadables (2):
[01:56:24] [main/DEBUG] [REI]  - MenuInfoRegistryImpl
[01:56:24] [main/DEBUG] [REI]  - SlotAccessorRegistryImpl
[01:56:24] [main/DEBUG] [REI] Plugins (6):
[01:56:24] [main/DEBUG] [REI]  - (-100.00) DefaultPlugin of DefaultPlugin [roughlyenoughitems]
[01:56:24] [main/DEBUG] [REI]  - (0.00) FabricFluidAPISupportPlugin
[01:56:24] [main/DEBUG] [REI]  - (0.00) REIServerCompat of REIServerCompat [sophisticatedstorage]
[01:56:24] [main/DEBUG] [REI]  - (0.00) REIServerCompat of REIServerCompat [sophisticatedcore]
[01:56:24] [main/DEBUG] [REI]  - (0.00) REIServerCompat of REIServerCompat [sophisticatedbackpacks]
[01:56:24] [main/DEBUG] [REI]  - (0.00) DefaultRuntimePlugin of DefaultRuntimePlugin [roughlyenoughitems]
[01:56:24] [main/DEBUG] [REI] ========================================
[01:56:24] [main/TRACE] [REI] [REIServerPlugin END] Reloading Section: "post-register/"
[01:56:24] [main/TRACE] [REI] [REIServerPlugin END] Reloading Section: "post-register/DefaultPlugin of DefaultPlugin [roughlyenoughitems]/"
[01:56:24] [main/TRACE] [REI] [REIServerPlugin END] Reloading Section: "post-register/DefaultPlugin of DefaultPlugin [roughlyenoughitems]/" done in 476.0 μs
[01:56:24] [main/TRACE] [REI] [REIServerPlugin END] Reloading Section: "post-register/FabricFluidAPISupportPlugin/"
[01:56:24] [main/TRACE] [REI] [REIServerPlugin END] Reloading Section: "post-register/FabricFluidAPISupportPlugin/" done in 52.20 μs
[01:56:24] [main/TRACE] [REI] [REIServerPlugin END] Reloading Section: "post-register/REIServerCompat of REIServerCompat [sophisticatedstorage]/"
[01:56:24] [main/TRACE] [REI] [REIServerPlugin END] Reloading Section: "post-register/REIServerCompat of REIServerCompat [sophisticatedstorage]/" done in 40.48 μs
[01:56:24] [main/TRACE] [REI] [REIServerPlugin END] Reloading Section: "post-register/REIServerCompat of REIServerCompat [sophisticatedcore]/"
[01:56:24] [main/TRACE] [REI] [REIServerPlugin END] Reloading Section: "post-register/REIServerCompat of REIServerCompat [sophisticatedcore]/" done in 100.6 μs
[01:56:24] [main/TRACE] [REI] [REIServerPlugin END] Reloading Section: "post-register/REIServerCompat of REIServerCompat [sophisticatedbackpacks]/"
[01:56:24] [main/TRACE] [REI] [REIServerPlugin END] Reloading Section: "post-register/REIServerCompat of REIServerCompat [sophisticatedbackpacks]/" done in 2.280 ms
[01:56:24] [main/TRACE] [REI] [REIServerPlugin END] Reloading Section: "post-register/DefaultRuntimePlugin of DefaultRuntimePlugin [roughlyenoughitems]/"
[01:56:24] [main/TRACE] [REI] [REIServerPlugin END] Reloading Section: "post-register/DefaultRuntimePlugin of DefaultRuntimePlugin [roughlyenoughitems]/" done in 45.05 μs
[01:56:24] [main/TRACE] [REI] [REIServerPlugin END] Reloading Section: "post-register/" done in 3.733 ms
[01:56:24] [main/TRACE] [REI] [REIServerPlugin END] Reloading Section: "post-stage/"
[01:56:24] [main/TRACE] [REI] [REIServerPlugin END] Reloading Section: "post-stage/MenuInfoRegistryImpl/"
[01:56:24] [main/TRACE] [REI] [REIServerPlugin END] Reloading Section: "post-stage/MenuInfoRegistryImpl/" done in 39.80 μs
[01:56:24] [main/TRACE] [REI] [REIServerPlugin END] Reloading Section: "post-stage/SlotAccessorRegistryImpl/"
[01:56:24] [main/TRACE] [REI] [REIServerPlugin END] Reloading Section: "post-stage/SlotAccessorRegistryImpl/" done in 37.67 μs
[01:56:24] [main/TRACE] [REI] [REIServerPlugin END] Reloading Section: "post-stage/" done in 244.0 μs
[01:56:24] [main/DEBUG] [REI] ========================================
[01:56:24] [main/INFO] [REI] REIServerPlugin finished post-reload for END in 4.091 ms, totaling 22.67 ms.
[01:56:24] [main/DEBUG] [REI] ========================================
